äJç√âÒ,ì˙ït,ëÊ1êîéö,ëÊ2êîéö,ëÊ3êîéö,ëÊ4êîéö,ëÊ5êîéö,ëÊ6êîéö,BONUSêîéö
1,2000/10/5,2,8,10,13,27,30,39
2,2000/10/12,1,9,16,20,21,43,5
3,2000/10/19,1,5,15,31,36,38,13
4,2000/10/26,16,18,26,27,34,40,13
5,2000/11/2,9,15,21,23,27,28,43
6,2000/11/9,6,12,23,25,28,38,22
7,2000/11/16,7,19,21,23,33,35,26
8,2000/11/23,11,16,18,20,42,43,28
9,2000/11/30,11,19,23,38,39,42,15
10,2000/12/7,1,3,19,21,35,39,26
11,2000/12/14,12,26,32,37,40,42,16
12,2000/12/21,14,17,27,28,35,39,22
13,2000/12/28,13,29,31,37,41,42,17
14,2001/1/4,2,8,11,35,37,38,43
15,2001/1/11,4,6,11,20,21,28,36
16,2001/1/18,5,12,13,29,34,35,30
17,2001/1/25,14,20,25,34,35,36,11
18,2001/2/1,6,16,18,27,36,41,33
19,2001/2/8,4,8,12,30,33,43,14
20,2001/2/15,7,29,33,35,37,39,19
21,2001/2/22,5,7,13,19,38,41,42
22,2001/3/1,8,12,16,19,20,35,41
23,2001/3/8,7,10,28,32,33,40,13
24,2001/3/15,15,18,19,30,36,38,13
25,2001/3/22,11,32,34,37,40,43,8
26,2001/3/29,3,4,11,12,13,43,22
27,2001/4/5,4,8,20,30,33,38,10
28,2001/4/12,6,11,15,20,31,41,7
29,2001/4/19,8,12,20,35,37,40,33
30,2001/4/26,4,16,17,19,26,37,8
31,2001/5/3,7,18,22,25,28,43,4
32,2001/5/10,3,6,7,23,29,41,33
33,2001/5/17,8,17,22,25,29,41,13
34,2001/5/24,2,20,25,30,37,40,10
35,2001/5/31,3,5,13,30,32,41,28
36,2001/6/7,1,16,20,23,30,40,17
37,2001/6/14,3,5,9,17,21,41,26
38,2001/6/21,2,9,26,27,34,43,42
39,2001/6/28,10,18,22,25,39,42,17
40,2001/7/5,5,17,25,34,38,39,2
41,2001/7/12,18,21,27,33,36,38,23
42,2001/7/19,4,15,21,24,33,37,9
43,2001/7/26,1,2,3,15,24,26,27
44,2001/8/2,3,16,24,31,34,42,36
45,2001/8/9,7,9,28,32,36,38,8
46,2001/8/16,11,14,21,24,25,42,41
47,2001/8/23,3,11,14,25,27,31,22
48,2001/8/30,2,5,28,30,33,40,26
49,2001/9/6,2,13,21,31,32,41,35
50,2001/9/13,5,13,15,25,27,39,40
51,2001/9/20,7,15,24,37,38,41,34
52,2001/9/27,1,16,24,25,36,42,21
53,2001/10/4,2,15,23,37,40,43,25
54,2001/10/11,14,25,26,31,37,42,7
55,2001/10/18,11,12,13,14,37,39,28
56,2001/10/25,10,13,25,31,32,42,40
57,2001/11/1,2,14,22,27,35,42,34
58,2001/11/8,4,8,9,13,16,25,28
59,2001/11/15,9,15,17,30,32,41,31
60,2001/11/22,20,21,23,28,30,42,29
61,2001/11/29,4,8,22,25,27,28,6
62,2001/12/6,2,3,9,12,15,30,42
63,2001/12/13,11,16,20,28,34,40,22
64,2001/12/20,2,14,19,22,32,41,9
65,2001/12/27,2,10,22,23,31,43,28
66,2002/1/10,7,15,17,30,33,35,14
67,2002/1/17,1,4,6,11,18,25,3
68,2002/1/24,16,23,30,35,37,39,38
69,2002/1/31,1,9,31,35,40,41,14
70,2002/2/7,6,11,20,23,24,31,17
71,2002/2/14,1,10,11,13,19,20,3
72,2002/2/21,10,12,24,29,33,37,34
73,2002/2/28,1,6,15,19,27,36,25
74,2002/3/7,3,14,27,28,40,43,39
75,2002/3/14,2,4,9,19,23,31,18
76,2002/3/21,1,10,12,16,20,35,29
77,2002/3/28,5,10,15,28,37,38,13
78,2002/4/4,5,14,23,32,33,43,37
79,2002/4/11,20,22,27,32,36,43,23
80,2002/4/18,1,4,12,16,19,34,18
81,2002/4/25,1,11,15,23,26,27,41
82,2002/5/2,10,12,19,25,26,39,28
83,2002/5/9,1,16,21,28,35,37,30
84,2002/5/16,17,19,26,28,35,37,40
85,2002/5/23,5,13,18,22,23,32,28
86,2002/5/30,3,7,16,24,29,36,26
87,2002/6/6,3,8,12,36,39,41,10
88,2002/6/13,5,6,8,20,21,26,30
89,2002/6/20,3,13,23,30,35,43,21
90,2002/6/27,13,15,17,18,30,32,9
91,2002/7/4,13,15,17,26,41,43,6
92,2002/7/11,5,17,20,24,28,40,16
93,2002/7/18,10,23,33,36,37,41,28
94,2002/7/25,11,16,17,18,29,40,9
95,2002/8/1,2,3,12,15,25,27,33
96,2002/8/8,1,13,15,34,36,43,37
97,2002/8/15,4,10,17,34,35,42,43
98,2002/8/22,7,16,34,37,38,39,8
99,2002/8/29,5,9,12,28,29,39,27
100,2002/9/5,6,8,11,14,31,33,23
101,2002/9/12,21,27,29,30,36,40,23
102,2002/9/19,4,5,18,27,35,36,41
103,2002/9/26,1,16,17,27,29,34,39
104,2002/10/3,1,11,17,26,28,35,12
105,2002/10/10,1,9,14,22,25,34,18
106,2002/10/17,8,11,21,22,25,27,26
107,2002/10/24,4,5,11,12,28,32,37
108,2002/10/31,9,22,23,25,34,37,8
109,2002/11/7,2,5,12,18,30,41,24
110,2002/11/14,5,6,8,19,37,41,9
111,2002/11/21,11,15,21,31,32,43,24
112,2002/11/28,16,18,23,25,29,30,41
113,2002/12/5,3,17,27,29,30,42,6
114,2002/12/12,7,13,14,29,38,42,9
115,2002/12/19,8,9,11,27,37,39,18
116,2002/12/26,8,10,15,16,26,31,42
117,2003/1/9,5,7,19,20,38,43,4
118,2003/1/16,9,13,21,30,32,37,20
119,2003/1/23,3,4,11,12,15,30,17
120,2003/1/30,15,18,22,25,36,40,14
121,2003/2/6,3,8,10,22,28,41,35
122,2003/2/13,19,20,21,25,33,42,41
123,2003/2/20,14,21,26,28,29,31,8
124,2003/2/27,4,17,23,30,39,40,28
125,2003/3/6,11,15,19,30,36,41,10
126,2003/3/13,5,6,9,10,21,38,20
127,2003/3/20,14,16,21,26,37,40,3
128,2003/3/27,6,10,18,20,29,39,21
129,2003/4/3,6,18,25,26,30,42,24
130,2003/4/10,22,30,31,34,38,39,2
131,2003/4/17,6,30,33,34,40,43,1
132,2003/4/24,3,18,23,31,32,37,1
133,2003/5/1,17,24,26,35,40,41,16
134,2003/5/8,2,6,11,14,18,19,21
135,2003/5/15,7,13,30,33,35,36,11
136,2003/5/22,3,13,26,31,32,39,1
137,2003/5/29,10,13,20,22,25,42,14
138,2003/6/5,7,9,10,16,23,29,18
139,2003/6/12,10,21,22,28,37,41,12
140,2003/6/19,17,19,29,37,39,40,10
141,2003/6/26,8,9,14,24,32,39,30
142,2003/7/3,2,16,22,27,29,39,38
143,2003/7/10,17,21,22,27,33,41,43
144,2003/7/17,1,16,19,33,38,41,43
145,2003/7/24,1,4,10,21,23,38,7
146,2003/7/31,7,17,27,36,37,39,4
147,2003/8/7,16,18,20,29,30,38,27
148,2003/8/14,3,16,18,20,28,29,9
149,2003/8/21,8,9,13,20,33,37,19
150,2003/8/28,10,11,18,20,31,43,27
151,2003/9/4,3,8,17,25,28,32,27
152,2003/9/11,4,8,12,16,31,33,17
153,2003/9/18,4,7,8,12,25,26,41
154,2003/9/25,7,9,18,26,27,38,14
155,2003/10/2,5,6,7,18,22,27,41
156,2003/10/9,6,20,22,29,30,35,39
157,2003/10/16,5,8,17,19,25,27,21
158,2003/10/23,1,6,12,35,37,38,30
159,2003/10/30,12,23,30,31,38,42,6
160,2003/11/6,4,10,20,30,31,32,26
161,2003/11/13,23,26,28,33,38,42,8
162,2003/11/20,3,22,25,30,33,37,35
163,2003/11/27,2,3,11,17,24,34,28
164,2003/12/4,1,2,13,14,35,38,32
165,2003/12/11,9,11,16,21,25,36,10
166,2003/12/18,14,18,20,28,34,38,17
167,2003/12/25,10,14,17,19,29,42,2
168,2004/1/8,1,6,31,32,36,39,42
169,2004/1/15,3,15,17,19,26,36,39
170,2004/1/22,10,12,15,17,30,31,6
171,2004/1/29,5,6,17,23,32,33,39
172,2004/2/5,10,11,22,23,33,34,27
173,2004/2/12,6,10,22,30,31,35,18
174,2004/2/19,2,9,16,36,38,42,6
175,2004/2/26,2,3,10,22,28,40,43
176,2004/3/4,8,19,25,31,34,37,30
177,2004/3/11,6,18,19,30,36,41,27
178,2004/3/18,10,22,27,30,36,39,4
179,2004/3/25,3,6,11,13,15,16,23
180,2004/4/1,4,10,11,12,20,36,28
181,2004/4/8,1,2,7,21,29,30,23
182,2004/4/15,22,23,28,37,40,43,30
183,2004/4/22,14,29,31,36,38,40,33
184,2004/4/29,5,7,23,31,39,42,19
185,2004/5/6,8,13,14,18,35,41,33
186,2004/5/13,7,16,18,33,36,41,4
187,2004/5/20,12,21,22,27,39,40,25
188,2004/5/27,3,8,18,25,26,39,38
189,2004/6/3,3,32,35,36,39,40,5
190,2004/6/10,17,23,30,31,39,43,42
191,2004/6/17,4,7,25,27,34,43,35
192,2004/6/24,3,7,19,27,39,41,10
193,2004/7/1,3,4,18,31,40,43,22
194,2004/7/8,4,11,12,21,36,38,37
195,2004/7/15,5,10,12,22,26,41,19
196,2004/7/22,4,5,11,16,30,33,14
197,2004/7/29,9,10,17,22,28,30,19
198,2004/8/5,4,5,6,17,20,42,10
199,2004/8/12,3,14,24,25,33,36,41
200,2004/8/19,4,7,11,19,25,28,2
201,2004/8/26,10,13,16,17,24,39,43
202,2004/9/2,9,18,26,28,33,40,10
203,2004/9/9,12,18,20,27,35,37,39
204,2004/9/16,2,17,20,25,39,42,30
205,2004/9/23,4,7,9,16,18,34,26
206,2004/9/30,1,3,16,22,41,43,13
207,2004/10/7,17,21,23,30,31,34,5
208,2004/10/14,18,24,29,32,35,39,23
209,2004/10/21,8,27,30,35,40,41,9
210,2004/10/28,1,6,21,22,37,40,19
211,2004/11/4,10,14,23,26,33,36,24
212,2004/11/11,1,11,17,32,35,39,20
213,2004/11/18,4,7,18,26,29,43,8
214,2004/11/25,4,7,9,11,20,36,32
215,2004/12/2,1,4,13,18,22,31,30
216,2004/12/9,9,21,29,33,35,41,27
217,2004/12/16,8,19,23,27,29,39,28
218,2004/12/23,8,10,18,22,31,36,4
219,2004/12/30,27,28,29,34,35,39,33
220,2005/1/6,23,25,26,29,33,37,40
221,2005/1/13,8,27,30,31,38,42,13
222,2005/1/20,4,14,15,22,29,31,20
223,2005/1/27,7,9,19,26,30,32,3
224,2005/2/3,12,17,18,19,30,35,13
225,2005/2/10,9,11,21,31,35,38,13
226,2005/2/17,8,26,36,40,42,43,21
227,2005/2/24,6,13,17,29,32,36,35
228,2005/3/3,5,8,17,26,36,39,34
229,2005/3/10,8,16,21,24,27,36,20
230,2005/3/17,4,9,18,31,36,42,34
231,2005/3/24,1,4,6,16,18,43,41
232,2005/3/31,1,5,7,26,39,43,32
233,2005/4/7,6,18,26,40,41,42,9
234,2005/4/14,11,17,24,26,27,30,19
235,2005/4/21,6,21,23,24,28,39,38
236,2005/4/28,1,8,9,14,34,38,4
237,2005/5/5,1,3,11,13,27,37,30
238,2005/5/12,5,10,15,20,33,37,30
239,2005/5/19,4,9,18,30,31,40,24
240,2005/5/26,11,15,26,31,36,39,12
241,2005/6/2,8,14,27,33,36,40,20
242,2005/6/9,1,10,13,22,29,32,38
243,2005/6/16,5,34,35,38,42,43,8
244,2005/6/23,11,12,30,36,38,39,37
245,2005/6/30,3,6,18,24,28,36,21
246,2005/7/7,16,28,32,34,39,42,38
247,2005/7/14,8,16,30,32,34,39,13
248,2005/7/21,11,32,35,36,39,41,6
249,2005/7/28,1,3,17,23,33,35,18
250,2005/8/4,3,8,9,13,22,42,11
251,2005/8/11,2,12,19,25,29,36,26
252,2005/8/18,2,6,13,22,32,33,12
253,2005/8/25,15,16,19,22,36,43,13
254,2005/9/1,12,13,22,23,25,29,40
255,2005/9/8,6,7,12,17,34,42,8
256,2005/9/15,15,17,18,28,30,37,40
257,2005/9/22,7,15,29,30,39,40,11
258,2005/9/29,3,15,16,17,25,31,40
259,2005/10/6,1,12,15,23,34,42,27
260,2005/10/13,11,15,21,31,37,41,30
261,2005/10/20,6,17,18,21,35,41,32
262,2005/10/27,5,7,11,19,21,25,27
263,2005/11/3,1,5,13,22,39,41,4
264,2005/11/10,2,5,6,8,20,27,43
265,2005/11/17,2,3,16,22,23,28,40
266,2005/11/24,11,15,18,24,30,39,7
267,2005/12/1,3,5,8,22,35,38,41
268,2005/12/8,3,6,8,14,24,36,15
269,2005/12/15,1,10,13,15,21,23,36
270,2005/12/22,17,19,21,29,33,38,30
271,2005/12/29,9,10,19,25,40,41,8
272,2006/1/5,7,12,13,20,23,26,41
273,2006/1/12,4,18,20,21,29,40,37
274,2006/1/19,4,5,14,27,31,39,6
275,2006/1/26,4,13,15,31,33,40,8
276,2006/2/2,6,11,27,30,33,36,34
277,2006/2/9,7,9,18,20,30,38,23
278,2006/2/16,9,13,14,17,22,38,33
279,2006/2/23,7,11,12,23,30,43,27
280,2006/3/2,6,12,26,37,38,39,25
281,2006/3/9,3,9,10,11,19,35,30
282,2006/3/16,1,9,17,31,41,43,23
283,2006/3/23,6,9,16,22,27,37,36
284,2006/3/30,20,26,30,33,35,38,4
285,2006/4/6,1,3,9,14,16,29,37
286,2006/4/13,10,11,14,28,31,41,3
287,2006/4/20,1,5,18,34,35,39,7
288,2006/4/27,3,4,11,25,28,33,35
289,2006/5/4,7,9,12,17,34,38,3
290,2006/5/11,11,13,15,17,22,43,8
291,2006/5/18,10,15,20,28,41,43,19
292,2006/5/25,7,14,27,31,34,39,40
293,2006/6/1,6,8,15,17,36,43,38
294,2006/6/8,2,5,13,14,17,20,21
295,2006/6/15,9,12,18,20,37,43,5
296,2006/6/22,4,19,27,30,31,37,10
297,2006/6/29,6,8,9,20,38,40,2
298,2006/7/6,12,25,29,31,35,40,26
299,2006/7/13,2,4,5,17,35,41,18
300,2006/7/20,4,7,29,33,36,39,9
301,2006/7/27,4,5,6,9,10,11,33
302,2006/8/3,2,4,13,23,38,40,24
303,2006/8/10,4,24,31,35,37,39,13
304,2006/8/17,3,7,8,15,17,31,27
305,2006/8/24,1,2,5,23,31,34,43
306,2006/8/31,1,20,25,28,31,42,2
307,2006/9/7,1,7,11,32,33,40,27
308,2006/9/14,3,13,18,20,23,28,35
309,2006/9/21,1,4,26,36,41,42,9
310,2006/9/28,3,4,5,18,28,37,26
311,2006/10/5,1,16,22,36,37,42,34
312,2006/10/12,2,17,22,29,38,42,16
313,2006/10/19,1,19,21,31,32,40,33
314,2006/10/26,3,8,14,30,38,43,6
315,2006/11/2,1,2,17,24,40,41,31
316,2006/11/9,3,4,20,30,40,41,31
317,2006/11/16,7,8,15,30,35,36,40
318,2006/11/23,2,7,13,16,36,37,41
319,2006/11/30,15,20,23,28,37,40,17
320,2006/12/7,1,5,25,27,38,41,9
321,2006/12/14,21,29,31,36,38,41,10
322,2006/12/21,18,19,22,25,35,42,36
323,2006/12/28,9,11,21,23,33,39,26
324,2007/1/4,5,13,27,37,39,41,36
325,2007/1/11,6,7,18,29,33,39,43
326,2007/1/18,1,7,9,14,23,43,19
327,2007/1/25,6,12,14,28,31,36,35
328,2007/2/1,3,7,10,12,19,36,35
329,2007/2/8,6,8,15,17,39,40,37
330,2007/2/15,5,12,16,19,28,39,34
331,2007/2/22,2,8,17,24,32,38,35
332,2007/3/1,7,8,16,24,26,34,19
333,2007/3/8,1,5,7,15,41,42,38
334,2007/3/15,11,14,17,18,34,36,23
335,2007/3/22,4,5,10,23,36,42,8
336,2007/3/29,3,6,13,17,20,29,11
337,2007/4/5,5,15,16,20,34,39,29
338,2007/4/12,8,10,25,31,39,40,35
339,2007/4/19,3,5,9,26,34,36,12
340,2007/4/26,4,10,13,31,35,42,7
341,2007/5/3,4,14,23,25,28,35,41
342,2007/5/10,8,15,26,27,34,38,10
343,2007/5/17,13,28,29,37,38,41,35
344,2007/5/24,8,11,16,20,28,36,42
345,2007/5/31,10,21,22,25,35,37,18
346,2007/6/7,4,9,11,12,32,38,16
347,2007/6/14,8,20,23,27,32,33,13
348,2007/6/21,4,5,6,27,36,38,13
349,2007/6/28,8,13,15,19,20,30,25
350,2007/7/5,13,18,25,26,29,40,6
351,2007/7/12,3,13,16,24,26,43,15
352,2007/7/19,6,8,24,25,34,38,10
353,2007/7/26,1,9,15,16,22,26,29
354,2007/8/2,4,6,22,31,34,41,43
355,2007/8/9,1,11,24,26,36,37,39
356,2007/8/16,1,5,8,12,17,29,28
357,2007/8/23,2,10,11,12,19,38,6
358,2007/8/30,12,31,32,34,39,42,30
359,2007/9/6,3,5,19,20,23,27,40
360,2007/9/13,2,3,6,14,26,42,25
361,2007/9/20,1,21,28,30,37,43,31
362,2007/9/27,7,10,15,20,37,40,28
363,2007/10/4,3,6,7,22,27,31,4
364,2007/10/11,7,11,12,19,33,42,36
365,2007/10/18,6,19,20,28,36,37,11
366,2007/10/25,12,13,15,18,30,41,21
367,2007/11/1,10,13,17,38,41,43,28
368,2007/11/8,7,10,18,21,33,35,13
369,2007/11/15,3,9,12,16,18,37,14
370,2007/11/22,2,11,13,15,16,32,43
371,2007/11/29,14,15,23,24,32,34,31
372,2007/12/6,7,19,28,33,35,39,21
373,2007/12/13,7,14,15,19,35,43,30
374,2007/12/20,4,24,25,26,27,34,28
375,2007/12/27,7,9,14,17,36,37,11
376,2008/1/10,20,21,25,27,34,38,16
377,2008/1/17,2,3,8,20,21,24,13
378,2008/1/24,11,13,19,26,36,43,31
379,2008/1/31,8,13,15,21,33,34,5
380,2008/2/7,17,22,25,26,27,43,16
381,2008/2/14,4,13,15,22,39,41,30
382,2008/2/21,2,6,15,28,29,43,14
383,2008/2/28,7,12,17,18,24,28,43
384,2008/3/6,17,19,20,22,33,41,35
385,2008/3/13,6,31,34,35,37,40,7
386,2008/3/20,2,9,11,15,23,25,27
387,2008/3/27,12,16,19,27,30,32,38
388,2008/4/3,5,12,14,18,20,31,2
389,2008/4/10,6,12,22,25,31,35,28
390,2008/4/17,5,16,17,22,39,43,21
391,2008/4/24,8,20,23,24,29,38,43
392,2008/5/1,10,15,18,30,31,37,11
393,2008/5/8,7,18,27,37,38,43,35
394,2008/5/15,14,27,28,31,37,40,18
395,2008/5/22,15,21,26,28,42,43,39
396,2008/5/29,9,12,21,26,33,40,5
397,2008/6/5,15,16,23,30,39,43,11
398,2008/6/12,2,31,36,37,39,43,13
399,2008/6/19,1,14,17,28,31,37,21
400,2008/6/26,4,9,19,22,23,33,38
401,2008/7/3,14,15,27,34,35,42,37
402,2008/7/10,3,18,23,24,29,33,28
403,2008/7/17,8,10,13,20,24,33,23
404,2008/7/24,3,10,14,18,26,43,33
405,2008/7/31,6,13,19,20,30,31,8
406,2008/8/7,1,2,4,16,36,37,40
407,2008/8/14,11,18,19,30,37,39,38
408,2008/8/21,12,20,23,28,31,32,39
409,2008/8/28,6,13,17,27,28,36,33
410,2008/9/4,2,12,16,20,42,43,28
411,2008/9/11,2,4,6,24,35,39,34
412,2008/9/18,2,6,7,9,16,19,33
413,2008/9/25,2,14,15,26,35,37,25
414,2008/10/2,1,2,4,5,9,25,15
415,2008/10/9,9,28,33,34,37,43,41
416,2008/10/16,12,15,22,24,29,37,6
417,2008/10/23,3,20,23,30,31,37,6
418,2008/10/30,3,12,16,25,32,36,34
419,2008/11/6,5,8,16,25,26,30,1
420,2008/11/13,14,19,21,28,29,31,24
421,2008/11/20,2,6,8,10,25,34,31
422,2008/11/27,5,6,7,8,28,38,36
423,2008/12/4,1,2,3,30,35,36,21
424,2008/12/11,3,13,17,25,40,41,4
425,2008/12/18,2,3,12,20,34,43,4
426,2008/12/25,6,8,9,29,32,37,4
427,2009/1/8,5,12,13,33,39,42,20
428,2009/1/15,8,16,18,35,42,43,13
429,2009/1/22,17,25,29,33,37,42,7
430,2009/1/29,1,8,18,26,34,42,21
431,2009/2/5,1,5,19,20,35,41,33
432,2009/2/12,8,20,23,24,42,43,16
433,2009/2/19,3,9,11,24,26,34,25
434,2009/2/26,3,12,19,33,35,36,37
435,2009/3/5,2,11,12,28,35,37,27
436,2009/3/12,4,12,21,22,27,38,31
437,2009/3/19,2,5,11,21,23,43,15
438,2009/3/26,3,9,16,17,20,31,42
439,2009/4/2,11,14,20,28,32,41,27
440,2009/4/9,9,23,29,30,31,39,18
441,2009/4/16,10,18,33,34,39,41,21
442,2009/4/23,2,23,26,35,41,42,38
443,2009/4/30,6,10,21,22,23,35,5
444,2009/5/7,5,13,16,18,24,32,30
445,2009/5/14,10,20,23,26,37,40,9
446,2009/5/21,3,8,17,26,27,36,13
447,2009/5/28,15,23,29,36,42,43,34
448,2009/6/4,9,23,32,35,39,42,37
449,2009/6/11,19,20,21,23,27,32,24
450,2009/6/18,15,20,21,32,40,42,27
451,2009/6/25,6,14,16,19,26,39,21
452,2009/7/2,1,5,25,27,29,40,19
453,2009/7/9,7,17,19,27,35,40,41
454,2009/7/16,2,16,18,27,42,43,12
455,2009/7/23,11,20,26,28,30,43,24
456,2009/7/30,3,7,15,25,30,39,22
457,2009/8/6,10,12,27,32,34,43,42
458,2009/8/13,1,18,27,30,36,40,5
459,2009/8/20,11,13,27,31,37,43,30
460,2009/8/27,18,22,23,32,35,40,7
461,2009/9/3,8,10,13,30,32,42,12
462,2009/9/10,2,4,6,16,31,33,5
463,2009/9/17,10,13,16,25,30,42,28
464,2009/9/24,10,21,22,25,27,37,36
465,2009/10/1,6,24,27,30,32,38,13
466,2009/10/8,1,4,19,28,34,40,14
467,2009/10/15,18,19,20,24,32,43,41
468,2009/10/22,9,17,26,30,34,40,33
469,2009/10/29,10,12,20,35,40,43,28
470,2009/11/5,1,11,17,23,38,43,18
471,2009/11/12,2,13,14,22,23,32,34
472,2009/11/19,10,17,28,30,36,42,5
473,2009/11/26,6,16,17,22,34,37,26
474,2009/12/3,12,15,19,25,28,41,18
475,2009/12/10,5,9,10,27,33,42,2
476,2009/12/17,7,17,22,30,36,40,2
477,2009/12/24,12,14,16,18,38,41,17
478,2010/1/7,11,14,23,30,31,38,42
479,2010/1/14,5,7,14,17,20,27,3
480,2010/1/21,2,5,17,18,35,38,34
481,2010/1/28,2,9,11,24,25,34,20
482,2010/2/4,4,30,31,36,37,38,19
483,2010/2/11,2,8,15,24,33,35,30
484,2010/2/18,13,19,25,29,32,35,42
485,2010/2/25,14,26,30,33,34,39,19
486,2010/3/4,16,25,27,29,34,41,6
487,2010/3/11,2,6,8,19,22,34,30
488,2010/3/18,5,15,29,34,39,42,6
489,2010/3/25,6,8,12,30,33,43,36
490,2010/4/1,5,9,13,28,34,40,10
491,2010/4/8,7,9,20,27,31,34,33
492,2010/4/15,1,8,12,20,23,37,10
493,2010/4/22,8,26,30,36,41,42,20
494,2010/4/29,8,16,19,23,26,31,6
495,2010/5/6,4,6,20,21,29,33,31
496,2010/5/13,2,6,11,29,32,41,3
497,2010/5/20,6,12,14,17,36,40,34
498,2010/5/27,1,25,36,41,42,43,39
499,2010/6/3,3,9,15,16,22,35,12
500,2010/6/10,6,20,28,31,34,38,10
501,2010/6/17,3,17,21,23,36,38,7
502,2010/6/24,9,12,27,28,29,41,7
503,2010/7/1,1,18,25,27,28,39,11
504,2010/7/8,12,21,22,27,29,31,35
505,2010/7/15,19,21,27,33,34,43,41
506,2010/7/22,5,11,21,27,37,39,26
507,2010/7/29,5,14,19,21,28,31,17
508,2010/8/5,1,7,14,15,24,42,13
509,2010/8/12,3,4,12,18,27,28,40
510,2010/8/19,12,15,26,35,41,43,25
511,2010/8/26,4,22,23,27,38,43,9
512,2010/9/2,14,20,23,25,33,39,34
513,2010/9/9,1,6,12,14,15,19,18
514,2010/9/16,6,7,14,15,19,41,31
515,2010/9/23,2,3,23,25,33,35,34
516,2010/9/30,2,14,16,17,29,30,10
517,2010/10/7,6,10,13,14,28,37,39
518,2010/10/14,14,31,34,35,40,42,25
519,2010/10/21,1,13,25,29,30,33,35
520,2010/10/28,2,4,12,14,26,43,40
521,2010/11/4,1,8,15,21,23,30,33
522,2010/11/11,3,6,16,23,25,43,37
523,2010/11/18,7,8,26,27,41,43,16
524,2010/11/25,7,11,14,18,35,40,43
525,2010/12/2,1,11,17,28,33,38,20
526,2010/12/9,8,14,18,19,26,27,23
527,2010/12/16,5,7,12,23,39,41,9
528,2010/12/23,2,5,12,21,28,32,41
529,2010/12/30,6,19,21,24,31,41,7
530,2011/1/6,1,10,19,30,33,36,35
531,2011/1/13,5,12,16,24,26,33,8
532,2011/1/20,23,28,33,35,37,42,4
533,2011/1/27,6,16,24,31,41,43,7
534,2011/2/3,1,2,19,22,26,37,43
535,2011/2/10,6,14,23,24,27,32,11
536,2011/2/17,4,10,12,14,23,36,2
537,2011/2/24,10,18,22,24,26,37,12
538,2011/3/3,2,11,14,23,26,33,28
539,2011/3/10,3,10,13,17,18,28,24
540,2011/3/17,15,23,29,35,36,41,42
541,2011/3/24,3,4,5,28,34,43,20
542,2011/3/31,10,14,23,35,38,41,17
543,2011/4/4,15,17,18,19,22,31,30
544,2011/4/7,11,14,16,32,41,42,33
545,2011/4/11,16,21,24,28,32,36,35
546,2011/4/14,1,14,30,34,40,43,27
547,2011/4/18,6,10,11,30,32,39,27
548,2011/4/21,12,13,16,28,29,35,5
549,2011/4/25,5,14,27,29,32,33,16
550,2011/4/28,12,15,19,32,36,42,37
551,2011/5/2,15,16,19,21,26,42,10
552,2011/5/5,13,22,26,30,40,41,8
553,2011/5/9,3,9,11,15,27,37,10
554,2011/5/12,16,27,34,35,36,38,37
555,2011/5/16,2,3,7,9,36,42,5
556,2011/5/19,6,9,13,17,29,30,25
557,2011/5/23,6,18,23,32,38,43,37
558,2011/5/26,4,32,33,38,41,43,2
559,2011/5/30,2,7,16,25,26,43,3
560,2011/6/2,4,17,19,37,39,42,16
561,2011/6/6,4,14,30,35,40,41,29
562,2011/6/9,9,10,11,25,30,37,12
563,2011/6/13,4,5,26,28,34,38,8
564,2011/6/16,3,12,18,24,34,39,16
565,2011/6/20,3,6,8,21,28,32,10
566,2011/6/23,10,17,18,29,30,41,7
567,2011/6/27,7,13,17,23,28,34,25
568,2011/6/30,7,10,15,31,32,42,41
569,2011/7/4,4,19,21,25,28,40,38
570,2011/7/7,2,4,10,28,38,43,25
571,2011/7/11,6,20,21,23,33,38,10
572,2011/7/14,10,12,18,38,42,43,40
573,2011/7/18,3,5,21,30,37,38,11
574,2011/7/21,4,11,16,20,26,43,9
575,2011/7/25,4,11,17,21,23,30,18
576,2011/7/28,8,9,21,24,29,37,1
577,2011/8/1,3,12,29,31,36,37,26
578,2011/8/4,16,22,23,27,33,37,36
579,2011/8/8,6,8,17,19,23,42,32
580,2011/8/11,12,15,17,25,35,43,32
581,2011/8/15,5,22,28,29,35,39,21
582,2011/8/18,7,10,14,25,32,38,13
583,2011/8/22,2,12,17,18,40,43,16
584,2011/8/25,10,11,24,26,37,38,21
585,2011/8/29,1,28,32,34,41,42,22
586,2011/9/1,6,7,10,23,36,42,11
587,2011/9/5,10,12,18,27,33,40,42
588,2011/9/8,8,13,18,33,34,36,23
589,2011/9/12,1,9,10,28,41,42,33
590,2011/9/15,20,24,25,27,32,37,2
591,2011/9/19,1,13,16,22,27,33,5
592,2011/9/22,12,14,22,23,34,41,36
593,2011/9/26,2,10,16,26,29,30,4
594,2011/9/29,4,5,15,30,34,38,2
595,2011/10/3,1,5,15,22,39,40,27
596,2011/10/6,2,13,17,24,29,34,12
597,2011/10/10,3,4,7,13,16,23,1
598,2011/10/13,6,10,15,21,36,41,40
599,2011/10/17,1,2,8,13,27,39,36
600,2011/10/20,3,20,23,24,28,35,26
601,2011/10/24,6,22,25,26,30,39,32
602,2011/10/27,8,13,15,18,24,41,27
603,2011/10/31,3,8,18,21,23,42,17
604,2011/11/3,9,15,20,22,28,43,37
605,2011/11/7,1,4,13,25,38,43,11
606,2011/11/10,8,15,24,26,35,42,7
607,2011/11/14,2,3,8,12,20,21,16
608,2011/11/17,4,6,16,17,18,26,40
609,2011/11/21,18,24,36,37,39,41,1
610,2011/11/24,2,5,12,23,26,41,36
611,2011/11/28,10,12,14,24,34,39,16
612,2011/12/1,7,18,31,32,39,40,35
613,2011/12/5,2,6,18,26,32,37,5
614,2011/12/8,2,6,22,25,31,42,1
615,2011/12/12,6,16,24,32,36,43,28
616,2011/12/15,4,7,18,19,24,35,17
617,2011/12/19,5,8,18,28,34,35,10
618,2011/12/22,4,15,21,31,35,42,13
619,2011/12/26,2,11,29,31,33,38,14
620,2011/12/29,7,10,13,19,31,38,12
621,2012/1/5,6,15,16,28,36,40,20
622,2012/1/9,7,16,18,20,27,36,41
623,2012/1/12,7,8,16,35,39,42,9
624,2012/1/16,4,8,12,22,25,30,43
625,2012/1/19,5,17,26,37,39,42,20
626,2012/1/23,6,13,14,22,26,28,10
627,2012/1/26,2,4,7,19,34,42,30
628,2012/1/30,7,13,15,18,29,38,30
629,2012/2/2,6,16,21,30,34,43,36
630,2012/2/6,3,7,13,18,19,41,38
631,2012/2/9,2,5,7,10,36,40,12
632,2012/2/13,3,4,14,21,22,25,26
633,2012/2/16,7,9,11,14,15,18,5
634,2012/2/20,8,10,13,15,20,40,23
635,2012/2/23,8,11,12,15,41,43,22
636,2012/2/27,2,12,21,23,24,26,36
637,2012/3/1,7,12,16,28,31,34,11
638,2012/3/5,6,11,19,28,35,40,14
639,2012/3/8,1,16,20,24,33,34,8
640,2012/3/12,3,11,18,20,33,39,22
641,2012/3/15,3,14,21,24,26,29,32
642,2012/3/19,8,13,14,21,33,41,18
643,2012/3/22,2,6,21,31,35,37,15
644,2012/3/26,4,14,22,23,26,42,2
645,2012/3/29,3,10,12,32,33,43,31
646,2012/4/2,9,12,14,24,28,33,37
647,2012/4/5,2,7,15,22,36,43,27
648,2012/4/9,22,26,27,28,36,43,1
649,2012/4/12,14,22,29,33,36,40,38
650,2012/4/16,12,31,34,40,41,43,6
651,2012/4/19,4,15,17,34,38,40,5
652,2012/4/23,1,10,16,19,20,39,29
653,2012/4/26,13,21,22,26,29,36,31
654,2012/4/30,12,18,21,29,32,38,2
655,2012/5/3,5,10,23,26,28,29,27
656,2012/5/7,2,8,13,17,25,37,30
657,2012/5/10,3,20,29,33,34,40,2
658,2012/5/14,14,24,32,40,41,42,9
659,2012/5/17,21,30,35,39,41,42,3
660,2012/5/21,8,20,31,36,37,38,39
661,2012/5/24,6,9,17,20,33,40,26
662,2012/5/28,12,31,32,34,36,40,6
663,2012/5/31,13,18,21,30,33,40,25
664,2012/6/4,2,8,11,12,26,29,22
665,2012/6/7,13,22,27,29,36,37,40
666,2012/6/11,2,6,28,30,31,41,7
667,2012/6/14,21,31,34,37,39,40,15
668,2012/6/18,7,13,20,27,34,35,22
669,2012/6/21,4,6,10,17,24,33,19
670,2012/6/25,1,4,7,25,32,41,18
671,2012/6/28,5,10,14,16,23,38,21
672,2012/7/2,1,5,23,24,36,43,19
673,2012/7/5,2,6,16,27,28,29,38
674,2012/7/9,8,11,15,22,40,41,39
675,2012/7/12,8,10,15,21,24,34,28
676,2012/7/16,2,8,20,33,38,42,21
677,2012/7/19,4,11,22,31,32,35,23
678,2012/7/23,8,24,25,29,32,40,28
679,2012/7/26,4,5,7,37,41,42,39
680,2012/7/30,8,9,23,34,38,41,6
681,2012/8/2,1,11,13,30,37,41,27
682,2012/8/6,3,5,7,18,19,41,34
683,2012/8/9,16,24,29,32,35,38,37
684,2012/8/13,6,7,13,18,27,33,16
685,2012/8/16,12,23,27,32,39,43,15
686,2012/8/20,21,24,26,35,37,38,16
687,2012/8/23,16,20,27,33,40,42,34
688,2012/8/27,9,12,16,33,34,35,1
689,2012/8/30,6,8,12,17,24,31,38
690,2012/9/3,7,8,10,21,34,38,30
691,2012/9/6,4,7,8,15,16,42,23
692,2012/9/10,9,10,12,19,21,42,15
693,2012/9/13,4,14,18,22,32,35,10
694,2012/9/17,8,23,27,31,38,40,3
695,2012/9/20,4,7,11,12,13,19,27
696,2012/9/24,2,10,14,19,36,39,9
697,2012/9/27,2,12,14,18,40,41,6
698,2012/10/1,5,20,21,26,30,33,27
699,2012/10/4,12,13,21,25,29,32,20
700,2012/10/8,1,8,17,24,33,35,11
701,2012/10/11,20,22,24,32,36,39,29
702,2012/10/15,1,20,23,37,38,40,4
703,2012/10/18,20,24,27,28,38,41,4
704,2012/10/22,7,10,16,18,19,37,20
705,2012/10/25,14,15,16,18,20,33,3
706,2012/10/29,2,8,29,31,34,37,9
707,2012/11/1,8,15,21,32,40,41,7
708,2012/11/5,2,13,20,22,25,38,35
709,2012/11/8,1,11,13,29,37,39,8
710,2012/11/12,4,5,9,20,33,37,35
711,2012/11/15,5,11,15,24,34,39,37
712,2012/11/19,2,5,8,9,14,25,18
713,2012/11/22,19,20,21,24,25,26,35
714,2012/11/26,2,14,26,28,29,42,13
715,2012/11/29,5,10,12,25,28,31,36
716,2012/12/3,5,7,14,24,25,35,32
717,2012/12/6,13,14,16,21,29,42,20
718,2012/12/10,15,20,27,29,33,43,18
719,2012/12/13,11,14,27,31,34,42,13
720,2012/12/17,25,26,27,28,35,38,19
721,2012/12/20,1,14,23,24,27,40,10
722,2012/12/24,6,11,32,34,35,39,18
723,2012/12/27,16,27,28,36,39,42,2
724,2013/1/7,4,9,32,37,38,39,31
725,2013/1/10,5,6,7,20,31,41,22
726,2013/1/14,13,21,30,31,37,40,14
727,2013/1/17,3,24,26,27,39,41,4
728,2013/1/21,10,15,22,23,38,42,12
729,2013/1/24,2,10,16,18,27,42,22
730,2013/1/28,10,15,21,22,33,35,1
731,2013/1/31,6,7,23,25,38,42,21
732,2013/2/4,20,33,35,36,37,38,29
733,2013/2/7,5,13,14,26,37,38,28
734,2013/2/11,10,19,22,27,29,39,21
735,2013/2/14,5,12,19,22,32,39,14
736,2013/2/18,2,14,17,19,38,43,6
737,2013/2/21,6,10,21,24,27,39,11
738,2013/2/25,14,21,22,32,33,41,9
739,2013/2/28,11,13,18,20,28,38,31
740,2013/3/4,8,9,15,26,37,40,18
741,2013/3/7,8,11,15,29,36,43,18
742,2013/3/11,2,12,13,14,22,35,4
743,2013/3/14,3,4,8,10,14,37,32
744,2013/3/18,2,5,12,14,30,42,3
745,2013/3/21,8,12,16,23,33,34,6
746,2013/3/25,6,9,10,29,31,35,28
747,2013/3/28,8,19,20,23,24,35,5
748,2013/4/1,2,14,16,27,28,30,21
749,2013/4/4,7,8,11,13,23,40,25
750,2013/4/8,4,6,13,16,18,39,34
751,2013/4/11,13,16,21,25,31,38,43
752,2013/4/15,3,5,13,18,22,37,14
753,2013/4/18,2,4,11,15,20,38,18
754,2013/4/22,16,27,33,35,39,41,42
755,2013/4/25,10,16,20,25,29,39,2
756,2013/4/29,8,10,24,26,27,28,32
757,2013/5/2,4,10,14,19,35,38,17
758,2013/5/6,11,19,20,25,38,40,33
759,2013/5/9,14,22,25,28,37,41,31
760,2013/5/13,3,4,6,15,32,40,34
761,2013/5/16,8,10,11,12,20,40,42
762,2013/5/20,6,8,9,20,24,27,40
763,2013/5/23,6,8,10,21,39,42,36
764,2013/5/27,6,7,24,34,42,43,14
765,2013/5/30,4,14,17,22,26,41,6
766,2013/6/3,6,10,12,32,37,39,33
767,2013/6/6,2,6,11,27,29,37,14
768,2013/6/10,1,8,19,25,32,38,39
769,2013/6/13,1,2,4,16,17,38,8
770,2013/6/17,17,19,21,22,36,37,25
771,2013/6/20,15,21,31,32,33,34,27
772,2013/6/24,7,11,16,19,20,23,30
773,2013/6/27,4,7,10,11,12,32,9
774,2013/7/1,2,4,9,13,16,33,15
775,2013/7/4,1,2,21,22,37,38,17
776,2013/7/8,2,8,14,23,28,42,25
777,2013/7/11,15,16,23,29,37,39,42
778,2013/7/15,5,11,17,24,35,41,3
779,2013/7/18,10,13,27,34,36,39,7
780,2013/7/22,6,7,12,26,39,43,4
781,2013/7/25,5,6,15,23,40,43,39
782,2013/7/29,19,21,23,24,27,43,10
783,2013/8/1,9,14,22,24,25,32,13
784,2013/8/5,1,9,23,29,37,41,22
785,2013/8/8,1,9,18,20,24,29,15
786,2013/8/12,10,11,17,31,35,39,23
787,2013/8/15,4,5,13,21,33,34,15
788,2013/8/19,2,8,13,27,31,32,16
789,2013/8/22,12,17,29,32,38,40,28
790,2013/8/26,9,13,19,27,34,38,8
791,2013/8/29,1,10,22,24,34,37,20
792,2013/9/2,1,7,14,25,37,43,4
793,2013/9/5,10,13,14,19,26,43,12
794,2013/9/9,15,22,25,29,34,42,2
795,2013/9/12,13,19,24,28,33,38,29
796,2013/9/16,1,7,11,14,22,34,2
797,2013/9/19,1,4,13,18,23,39,35
798,2013/9/23,1,3,5,25,39,41,34
799,2013/9/26,4,6,8,10,19,28,25
800,2013/9/30,8,12,22,23,25,35,43
801,2013/10/3,2,18,19,20,25,31,32
802,2013/10/7,9,13,18,19,25,30,15
803,2013/10/10,9,29,33,34,35,41,27
804,2013/10/14,6,20,23,25,31,33,30
805,2013/10/17,2,14,19,22,24,43,6
806,2013/10/21,3,16,19,25,39,40,29
807,2013/10/24,1,6,12,20,22,23,27
808,2013/10/28,13,18,22,28,41,42,26
809,2013/10/31,2,11,20,31,32,37,17
810,2013/11/4,3,31,32,38,39,40,37
811,2013/11/7,2,6,20,24,31,40,34
812,2013/11/11,1,12,15,26,34,40,22
813,2013/11/14,9,10,12,13,28,38,39
814,2013/11/18,4,7,15,23,38,42,1
815,2013/11/21,1,2,6,24,25,41,29
816,2013/11/25,5,14,19,24,27,37,9
817,2013/11/28,16,21,27,32,34,43,42
818,2013/12/2,5,21,24,34,37,38,16
819,2013/12/5,10,19,23,25,30,40,14
820,2013/12/9,1,11,19,28,39,43,16
821,2013/12/12,7,10,12,34,40,43,16
822,2013/12/16,6,11,15,24,27,33,29
823,2013/12/19,5,6,23,30,37,38,28
824,2013/12/23,16,19,26,27,29,32,4
825,2013/12/26,6,10,12,16,39,40,20
826,2013/12/30,5,15,22,24,29,36,2
827,2014/1/6,2,4,23,24,33,41,5
828,2014/1/9,2,9,10,24,25,43,26
829,2014/1/13,2,3,23,32,36,39,20
830,2014/1/16,5,6,9,18,28,40,22
831,2014/1/20,3,4,7,13,22,31,19
832,2014/1/23,19,24,27,31,32,33,17
833,2014/1/27,5,6,13,20,22,28,2
834,2014/1/30,4,17,27,39,41,42,8
835,2014/2/3,5,9,10,28,39,40,24
836,2014/2/6,7,11,31,34,38,43,28
837,2014/2/10,5,17,34,37,39,42,28
838,2014/2/13,12,28,32,36,38,43,13
839,2014/2/17,1,3,5,12,13,38,37
840,2014/2/20,3,4,17,24,27,34,39
841,2014/2/24,8,22,24,28,31,36,38
842,2014/2/27,8,11,17,26,33,43,24
843,2014/3/3,3,7,8,26,42,43,11
844,2014/3/6,2,5,18,27,35,38,24
845,2014/3/10,2,12,13,22,24,34,20
846,2014/3/13,9,14,18,28,30,33,4
847,2014/3/17,9,10,23,31,35,36,38
848,2014/3/20,6,7,13,15,35,39,33
849,2014/3/24,1,3,4,10,15,40,34
850,2014/3/27,2,11,30,32,38,41,4
851,2014/3/31,5,8,14,20,26,27,7
852,2014/4/3,3,17,22,23,27,40,35
853,2014/4/7,2,9,22,26,31,35,7
854,2014/4/10,4,11,14,18,25,37,42
855,2014/4/14,10,13,15,25,37,42,30
856,2014/4/17,10,24,32,34,38,40,43
857,2014/4/21,1,3,6,17,28,42,24
858,2014/4/24,3,14,29,32,33,42,40
859,2014/4/28,1,12,15,17,21,36,24
860,2014/5/1,14,16,32,35,38,41,6
861,2014/5/5,4,17,21,28,35,42,29
862,2014/5/8,5,10,16,34,36,39,43
863,2014/5/12,4,14,18,26,35,36,2
864,2014/5/15,19,21,24,28,32,40,12
865,2014/5/19,5,7,8,12,23,25,26
866,2014/5/22,1,3,10,21,29,43,39
867,2014/5/26,2,14,21,26,37,38,18
868,2014/5/29,5,18,19,26,31,43,10
869,2014/6/2,5,7,23,24,37,38,40
870,2014/6/5,1,11,14,21,23,39,26
871,2014/6/9,3,10,11,13,20,27,25
872,2014/6/12,6,10,17,18,19,24,7
873,2014/6/16,4,22,26,27,32,43,20
874,2014/6/19,2,8,21,27,33,37,42
875,2014/6/23,4,5,11,13,22,25,43
876,2014/6/26,11,12,18,25,35,39,9
877,2014/6/30,3,14,17,32,35,43,10
878,2014/7/3,5,14,16,22,25,40,43
879,2014/7/7,24,27,34,35,36,43,25
880,2014/7/10,1,8,11,16,25,32,19
881,2014/7/14,4,6,12,18,28,41,35
882,2014/7/17,5,15,23,26,30,36,6
883,2014/7/21,10,16,25,29,38,42,23
884,2014/7/24,2,7,25,26,38,42,19
885,2014/7/28,22,28,33,36,37,41,14
886,2014/7/31,7,10,13,23,34,39,11
887,2014/8/4,3,4,6,18,32,37,7
888,2014/8/7,2,4,9,36,37,39,43
889,2014/8/11,2,10,21,28,41,43,12
890,2014/8/14,1,4,6,14,28,31,21
891,2014/8/18,7,9,14,30,42,43,24
892,2014/8/21,14,19,31,35,40,43,38
893,2014/8/25,10,12,26,28,29,37,34
894,2014/8/28,4,5,9,20,21,32,40
895,2014/9/1,5,12,24,25,37,38,39
896,2014/9/4,5,6,21,27,32,38,34
897,2014/9/8,8,10,14,15,27,30,12
898,2014/9/11,13,17,21,25,29,37,23
899,2014/9/15,3,10,15,18,27,40,38
900,2014/9/18,8,12,21,22,31,35,2
901,2014/9/22,6,13,22,28,29,37,14
902,2014/9/25,11,21,26,31,32,33,22
903,2014/9/29,1,3,6,7,16,19,12
904,2014/10/2,2,4,6,15,21,41,29
905,2014/10/6,4,15,24,40,41,42,31
906,2014/10/9,6,9,12,13,30,40,31
907,2014/10/13,5,13,18,22,27,41,19
908,2014/10/16,6,14,21,22,23,30,32
909,2014/10/20,12,15,21,27,30,35,28
910,2014/10/23,11,12,13,17,25,33,14
911,2014/10/27,8,16,18,22,27,35,3
912,2014/10/30,5,14,19,20,32,42,11
913,2014/11/3,5,8,20,31,36,41,16
914,2014/11/6,2,3,26,33,36,40,19
915,2014/11/10,7,12,21,33,38,40,42
916,2014/11/13,6,14,25,27,38,43,21
917,2014/11/17,2,6,25,26,41,42,18
918,2014/11/20,10,15,25,29,34,36,39
919,2014/11/24,2,9,12,17,33,42,26
920,2014/11/27,9,17,27,30,35,38,6
921,2014/12/1,5,7,26,36,38,39,32
922,2014/12/4,4,6,19,32,33,38,1
923,2014/12/8,5,13,30,31,32,35,29
924,2014/12/11,13,20,24,32,35,42,43
925,2014/12/15,25,26,27,28,32,37,40
926,2014/12/18,16,26,32,35,37,39,25
927,2014/12/22,2,29,30,31,33,34,37
928,2014/12/25,1,21,23,26,31,33,14
929,2014/12/29,10,12,15,25,31,34,26
930,2015/1/5,10,12,37,39,40,43,11
931,2015/1/8,14,18,19,24,25,33,21
932,2015/1/12,4,15,30,37,42,43,32
933,2015/1/15,5,9,20,21,31,41,26
934,2015/1/19,3,7,16,17,20,32,12
935,2015/1/22,2,12,14,26,38,43,8
936,2015/1/26,1,3,12,16,20,35,5
937,2015/1/29,13,15,21,25,36,41,8
938,2015/2/2,5,9,12,19,30,35,29
939,2015/2/5,8,11,15,17,26,43,32
940,2015/2/9,1,18,28,31,35,37,39
941,2015/2/12,5,12,22,29,38,39,19
942,2015/2/16,2,3,14,27,28,38,8
943,2015/2/19,9,10,14,15,39,43,25
944,2015/2/23,7,20,25,29,33,37,27
945,2015/2/26,3,10,15,23,36,37,31
946,2015/3/2,2,9,12,16,31,36,41
947,2015/3/5,1,6,21,23,27,40,9
948,2015/3/9,7,16,17,28,39,43,24
949,2015/3/12,5,19,26,36,39,43,9
950,2015/3/16,2,6,16,24,30,41,18
951,2015/3/19,11,15,22,23,26,30,37
952,2015/3/23,10,16,22,25,31,39,27
953,2015/3/26,2,9,17,38,39,42,20
954,2015/3/30,3,23,24,28,29,42,41
955,2015/4/2,14,19,27,28,37,42,24
956,2015/4/6,1,4,6,22,24,38,34
957,2015/4/9,2,11,22,32,36,42,20
958,2015/4/13,9,18,23,24,26,30,21
959,2015/4/16,1,16,18,28,36,38,42
960,2015/4/20,5,18,23,32,35,39,10
961,2015/4/23,5,11,17,18,19,25,34
962,2015/4/27,4,6,10,24,32,37,35
963,2015/4/30,4,23,29,31,32,35,17
964,2015/5/4,2,21,23,29,30,43,26
965,2015/5/7,10,12,19,20,21,22,13
966,2015/5/11,10,22,31,34,36,43,30
967,2015/5/14,1,11,26,30,32,40,8
968,2015/5/18,6,10,15,20,23,26,17
969,2015/5/21,3,9,19,22,23,40,10
970,2015/5/25,2,4,18,23,31,38,1
971,2015/5/28,2,3,4,12,22,29,11
972,2015/6/1,2,7,17,18,21,40,29
973,2015/6/4,1,5,6,12,30,31,24
974,2015/6/8,2,3,29,30,32,43,26
975,2015/6/11,3,11,13,27,29,36,15
976,2015/6/15,6,13,22,28,42,43,29
977,2015/6/18,10,15,17,27,42,43,33
978,2015/6/22,3,11,19,30,38,42,31
979,2015/6/25,9,12,16,18,27,38,10
980,2015/6/29,15,20,23,35,38,42,13
981,2015/7/2,14,19,22,23,31,37,21
982,2015/7/6,15,19,21,22,29,40,42
983,2015/7/9,15,19,32,35,36,38,31
984,2015/7/13,14,23,24,28,37,38,20
985,2015/7/16,3,11,19,26,29,38,31
986,2015/7/20,4,11,17,30,36,43,5
987,2015/7/23,3,14,15,24,25,36,33
988,2015/7/27,5,6,10,22,34,41,19
989,2015/7/30,5,7,31,33,36,39,21
990,2015/8/3,4,12,16,27,28,41,42
991,2015/8/6,3,18,21,25,29,37,35
992,2015/8/10,4,6,8,22,27,38,34
993,2015/8/13,1,5,10,32,38,40,18
994,2015/8/17,18,22,29,31,39,43,9
995,2015/8/20,7,11,17,21,37,39,36
996,2015/8/24,1,3,14,26,27,42,25
997,2015/8/27,3,5,8,11,33,43,23
998,2015/8/31,1,3,12,19,26,29,28
999,2015/9/3,8,15,17,30,32,36,43
1000,2015/9/7,1,15,21,22,26,29,37
1001,2015/9/10,9,12,15,16,18,35,2
1002,2015/9/14,8,14,22,25,27,41,11
1003,2015/9/17,13,22,26,34,38,43,42
1004,2015/9/21,3,21,23,24,27,32,36
1005,2015/9/24,5,13,20,24,25,27,42
1006,2015/9/28,7,8,16,31,32,33,12
1007,2015/10/1,3,8,17,25,28,43,42
1008,2015/10/5,11,14,16,21,24,39,36
1009,2015/10/8,3,19,34,36,40,43,28
1010,2015/10/12,6,12,16,24,25,37,17
1011,2015/10/15,23,26,27,29,30,43,6
1012,2015/10/19,9,11,19,22,27,38,2
1013,2015/10/22,3,20,36,38,39,41,22
1014,2015/10/26,2,3,9,19,40,42,6
1015,2015/10/29,9,14,20,23,27,32,22
1016,2015/11/2,1,14,31,32,39,42,34
1017,2015/11/5,1,4,24,30,39,40,5
1018,2015/11/9,3,22,25,28,32,39,21
1019,2015/11/12,8,14,15,22,25,40,19
1020,2015/11/16,2,25,27,28,35,42,6
1021,2015/11/19,3,30,32,33,34,39,28
1022,2015/11/23,3,15,19,30,34,37,12
1023,2015/11/26,9,17,24,25,33,40,43
1024,2015/11/30,2,4,5,20,37,43,32
1025,2015/12/3,10,17,20,21,36,43,34
1026,2015/12/7,1,8,11,17,22,26,31
1027,2015/12/10,13,16,17,19,20,38,18
1028,2015/12/14,7,10,18,21,28,36,40
1029,2015/12/17,5,13,22,31,37,39,4
1030,2015/12/21,4,9,17,20,23,42,19
1031,2015/12/24,2,4,7,22,32,35,1
1032,2015/12/28,11,20,21,30,36,43,17
1033,2016/1/4,1,15,21,24,37,41,7
1034,2016/1/7,14,20,24,25,31,32,29
1035,2016/1/11,9,15,17,19,27,33,40
1036,2016/1/14,2,8,17,27,30,31,13
1037,2016/1/18,1,3,12,13,21,32,41
1038,2016/1/21,3,7,24,25,27,39,20
1039,2016/1/25,6,9,20,34,37,41,25
1040,2016/1/28,7,13,15,21,23,34,12
1041,2016/2/1,14,22,27,29,33,37,24
1042,2016/2/4,4,10,11,12,18,25,36
1043,2016/2/8,21,29,30,32,38,42,16
1044,2016/2/11,3,7,16,26,34,39,23
1045,2016/2/15,1,19,21,30,31,43,18
1046,2016/2/18,6,13,17,18,27,43,21
1047,2016/2/22,5,9,13,31,32,35,26
1048,2016/2/25,26,27,30,31,34,40,20
1049,2016/2/29,3,6,15,23,24,31,11
1050,2016/3/3,3,8,14,28,31,43,35
1051,2016/3/7,5,13,20,28,30,32,16
1052,2016/3/10,6,26,34,37,42,43,13
1053,2016/3/14,4,11,23,27,35,42,15
1054,2016/3/17,7,9,10,19,28,33,36
1055,2016/3/21,5,11,20,25,26,32,6
1056,2016/3/24,14,16,19,29,32,37,24
1057,2016/3/28,2,11,19,21,28,38,25
1058,2016/3/31,11,12,17,23,29,43,37
1059,2016/4/4,8,26,27,29,35,43,6
1060,2016/4/7,5,10,16,17,32,37,36
1061,2016/4/11,1,12,14,16,20,29,4
1062,2016/4/14,2,7,28,39,42,43,41
1063,2016/4/18,6,12,13,34,38,42,41
1064,2016/4/21,4,13,18,27,30,39,34
1065,2016/4/25,11,13,27,37,41,42,40
1066,2016/4/28,2,11,29,36,40,42,17
1067,2016/5/2,5,9,25,27,28,33,10
1068,2016/5/5,3,9,21,34,35,42,4
1069,2016/5/9,12,17,26,30,33,40,8
1070,2016/5/12,11,21,25,34,35,36,15
1071,2016/5/16,1,10,25,27,31,40,3
1072,2016/5/19,3,17,20,32,36,43,4
1073,2016/5/23,1,3,5,8,20,39,30
1074,2016/5/26,8,9,16,27,30,33,19
1075,2016/5/30,7,8,21,24,34,42,1
1076,2016/6/2,21,22,24,30,31,43,19
1077,2016/6/6,1,4,9,23,30,36,5
1078,2016/6/9,3,12,20,33,35,41,34
1079,2016/6/13,8,12,19,24,30,36,42
1080,2016/6/16,6,15,16,19,38,41,23
1081,2016/6/20,6,8,13,17,18,20,28
1082,2016/6/23,9,12,19,21,39,40,16
1083,2016/6/27,10,13,15,18,25,38,20
1084,2016/6/30,1,7,20,28,34,38,16
1085,2016/7/4,3,20,21,30,34,35,23
1086,2016/7/7,3,7,9,31,38,43,29
1087,2016/7/11,10,13,26,27,30,36,6
1088,2016/7/14,5,8,16,24,32,33,22
1089,2016/7/18,5,17,19,22,41,42,4
1090,2016/7/21,3,10,15,22,27,40,23
1091,2016/7/25,21,22,24,26,28,30,38
1092,2016/7/28,2,11,18,27,30,33,14
1093,2016/8/1,4,19,26,40,42,43,9
1094,2016/8/4,6,7,20,24,28,43,11
1095,2016/8/8,3,6,15,18,23,27,38
1096,2016/8/11,6,19,21,31,38,41,40
1097,2016/8/15,1,5,8,14,19,21,4
1098,2016/8/18,1,19,31,33,35,43,29
1099,2016/8/22,6,8,12,17,18,24,35
1100,2016/8/25,2,6,16,23,32,35,37
1101,2016/8/29,4,5,7,10,13,16,1
1102,2016/9/1,3,6,9,13,36,37,32
1103,2016/9/5,8,13,14,18,24,38,25
1104,2016/9/8,15,25,32,33,36,38,40
1105,2016/9/12,12,15,25,31,39,40,26
1106,2016/9/15,1,4,8,10,18,33,15
1107,2016/9/19,6,7,12,22,30,33,36
1108,2016/9/22,12,25,29,32,38,43,35
1109,2016/9/26,6,8,14,27,36,42,28
1110,2016/9/29,1,6,21,34,36,39,29
1111,2016/10/3,6,16,17,27,33,41,42
1112,2016/10/6,6,9,15,19,39,42,34
1113,2016/10/10,1,12,14,26,34,41,6
1114,2016/10/13,2,7,9,28,38,39,26
1115,2016/10/17,3,10,12,26,38,42,4
1116,2016/10/20,1,11,33,34,35,38,29
1117,2016/10/24,2,6,7,9,19,23,21
1118,2016/10/27,1,11,21,25,34,36,28
1119,2016/10/31,3,6,15,21,42,43,11
1120,2016/11/3,10,12,13,29,35,39,33
1121,2016/11/7,2,8,31,38,40,42,41
1122,2016/11/10,22,24,29,31,32,34,40
1123,2016/11/14,4,8,23,29,34,35,15
1124,2016/11/17,1,16,24,28,40,42,33
1125,2016/11/21,2,16,19,20,24,36,27
1126,2016/11/24,4,5,26,30,34,42,27
1127,2016/11/28,9,15,17,21,23,42,24
1128,2016/12/1,3,15,21,29,30,35,39
1129,2016/12/5,6,11,19,28,30,43,32
1130,2016/12/8,1,11,37,38,39,42,26
1131,2016/12/12,6,12,25,36,38,41,18
1132,2016/12/15,4,5,24,29,33,35,40
1133,2016/12/19,3,18,19,20,37,38,9
1134,2016/12/22,5,6,12,14,30,38,29
1135,2016/12/26,20,22,28,29,32,41,14
1136,2016/12/29,3,4,7,8,22,33,18
1137,2017/1/5,1,18,21,31,37,41,20
1138,2017/1/9,8,15,21,24,35,38,22
1139,2017/1/12,4,6,14,17,23,33,26
1140,2017/1/16,11,21,30,31,36,37,23
1141,2017/1/19,1,4,10,14,24,26,29
1142,2017/1/23,12,13,19,23,28,35,31
1143,2017/1/26,19,21,31,39,42,43,29
1144,2017/1/30,7,13,14,33,39,43,29
1145,2017/2/2,1,4,15,18,25,28,36
1146,2017/2/6,1,10,19,23,26,34,27
1147,2017/2/9,2,3,10,16,26,27,23
1148,2017/2/13,3,5,16,23,31,43,39
1149,2017/2/16,2,14,22,23,35,43,31
1150,2017/2/20,7,11,17,27,32,40,18
1151,2017/2/23,5,23,25,26,29,31,19
1152,2017/2/27,6,8,10,33,35,43,22
1153,2017/3/2,4,15,20,24,26,30,29
1154,2017/3/6,8,12,30,36,41,42,4
1155,2017/3/9,14,19,22,23,28,43,25
1156,2017/3/13,3,6,19,31,35,40,12
1157,2017/3/16,5,17,20,28,39,42,1
1158,2017/3/20,22,24,27,30,32,40,23
1159,2017/3/23,1,4,15,16,23,30,17
1160,2017/3/27,9,22,31,32,34,43,24
1161,2017/3/30,1,2,12,16,19,40,18
1162,2017/4/3,3,4,8,12,24,37,10
1163,2017/4/6,11,17,19,24,33,41,9
1164,2017/4/10,4,7,11,33,34,37,24
1165,2017/4/13,18,20,21,24,40,42,25
1166,2017/4/17,4,8,17,20,29,41,3
1167,2017/4/20,6,13,20,25,36,42,28
1168,2017/4/24,1,3,8,14,35,39,18
1169,2017/4/27,19,24,25,36,37,43,10
1170,2017/5/1,1,8,13,19,23,28,39
1171,2017/5/4,9,10,13,21,34,36,40
1172,2017/5/8,3,10,31,32,38,39,15
1173,2017/5/11,5,7,11,16,33,38,25
1174,2017/5/15,7,8,9,25,29,31,28
1175,2017/5/18,2,4,6,21,27,37,10
1176,2017/5/22,2,9,18,23,29,32,34
1177,2017/5/25,2,5,21,22,23,38,36
1178,2017/5/29,16,17,20,22,29,40,31
1179,2017/6/1,5,12,27,36,39,40,37
1180,2017/6/5,2,4,5,13,18,21,40
1181,2017/6/8,15,16,17,29,31,32,12
1182,2017/6/12,5,6,10,13,24,33,40
1183,2017/6/15,2,19,22,25,32,36,39
1184,2017/6/19,2,6,21,30,31,36,41
1185,2017/6/22,6,15,18,26,27,31,38
1186,2017/6/26,8,10,20,25,38,43,39
1187,2017/6/29,3,13,18,20,24,31,37
1188,2017/7/3,3,9,19,20,23,30,14
1189,2017/7/6,8,24,28,30,38,41,32
1190,2017/7/10,1,3,13,29,38,39,8
1191,2017/7/13,3,5,11,20,25,32,30
1192,2017/7/17,15,17,18,22,30,39,28
1193,2017/7/20,1,2,7,8,10,42,28
1194,2017/7/24,12,18,20,23,33,40,1
1195,2017/7/27,1,4,17,22,35,42,7
1196,2017/7/31,6,7,19,31,39,41,14
1197,2017/8/3,3,24,28,36,37,39,27
1198,2017/8/7,1,14,20,26,27,34,33
1199,2017/8/10,9,10,11,20,28,40,17
1200,2017/8/14,2,8,10,12,31,42,21
1201,2017/8/17,1,15,19,22,26,28,33
1202,2017/8/21,9,12,15,19,26,39,28
1203,2017/8/24,2,4,6,37,39,42,41
1204,2017/8/28,10,20,21,24,39,43,17
1205,2017/8/31,12,25,26,32,35,42,2
1206,2017/9/4,11,19,20,26,32,33,22
1207,2017/9/7,6,16,17,20,22,43,34
1208,2017/9/11,5,14,20,30,38,41,8
1209,2017/9/14,11,12,24,32,38,40,7
1210,2017/9/18,5,6,12,16,23,36,9
1211,2017/9/21,3,8,24,25,26,28,43
1212,2017/9/25,2,16,27,35,40,42,25
1213,2017/9/28,3,13,22,26,30,39,1
1214,2017/10/2,2,19,23,30,33,36,40
1215,2017/10/5,3,6,9,15,21,42,7
1216,2017/10/9,8,14,25,39,42,43,37
1217,2017/10/12,14,16,17,34,36,41,25
1218,2017/10/16,5,8,13,20,28,42,35
1219,2017/10/19,14,22,24,36,39,42,32
1220,2017/10/23,9,15,21,23,32,42,14
1221,2017/10/26,3,10,11,31,33,36,21
1222,2017/10/30,1,5,7,11,29,39,40
1223,2017/11/2,12,22,28,30,36,43,34
1224,2017/11/6,5,18,33,38,41,43,6
1225,2017/11/9,19,22,25,30,33,34,36
1226,2017/11/13,7,8,28,34,37,41,13
1227,2017/11/16,1,8,14,28,40,43,6
1228,2017/11/20,6,18,19,25,28,40,3
1229,2017/11/23,10,28,35,37,39,43,16
1230,2017/11/27,1,2,6,9,17,38,34
1231,2017/11/30,1,14,16,24,32,36,2
1232,2017/12/4,5,10,14,31,35,38,16
1233,2017/12/7,2,7,12,21,29,33,16
1234,2017/12/11,7,11,16,20,30,40,28
1235,2017/12/14,8,17,24,34,36,42,33
1236,2017/12/18,1,3,11,26,38,39,34
1237,2017/12/21,1,4,6,35,38,40,27
1238,2017/12/25,8,14,28,29,33,40,32
1239,2017/12/28,2,19,27,28,30,38,22
1240,2018/1/4,15,18,22,36,37,39,26
1241,2018/1/8,4,7,15,17,23,25,8
1242,2018/1/11,12,22,28,34,37,42,33
1243,2018/1/15,23,24,32,37,41,42,29
1244,2018/1/18,10,15,17,18,20,41,35
1245,2018/1/22,13,15,27,30,31,39,8
1246,2018/1/25,4,10,11,23,36,37,34
1247,2018/1/29,4,7,17,18,26,36,35
1248,2018/2/1,2,6,14,28,34,37,3
1249,2018/2/5,5,8,15,20,25,27,6
1250,2018/2/8,3,10,18,22,23,40,27
1251,2018/2/12,21,28,31,33,34,40,23
1252,2018/2/15,4,15,18,19,22,29,37
1253,2018/2/19,1,12,14,24,33,37,15
1254,2018/2/22,7,8,11,15,36,39,37
1255,2018/2/26,2,14,15,27,40,43,41
1256,2018/3/1,2,5,16,32,35,41,25
1257,2018/3/5,1,11,19,23,32,37,14
1258,2018/3/8,8,14,20,25,31,41,35
1259,2018/3/12,10,16,20,26,33,36,41
1260,2018/3/15,3,8,16,19,25,26,32
1261,2018/3/19,9,20,26,29,30,34,42
1262,2018/3/22,4,11,15,20,24,43,10
1263,2018/3/26,3,8,13,14,31,37,6
1264,2018/3/29,1,6,27,33,35,43,15
1265,2018/4/2,5,20,26,27,28,33,12
1266,2018/4/5,3,12,16,23,25,28,17
1267,2018/4/9,4,18,31,33,34,41,9
1268,2018/4/12,8,11,15,22,35,36,30
1269,2018/4/16,9,10,11,33,39,42,25
1270,2018/4/19,9,10,24,30,35,40,38
1271,2018/4/23,1,11,14,27,39,42,32
1272,2018/4/26,4,9,13,32,37,38,42
1273,2018/4/30,18,20,22,26,34,37,4
1274,2018/5/3,3,15,18,23,31,37,34
1275,2018/5/7,7,19,21,28,40,41,3
1276,2018/5/10,5,6,9,11,16,35,22
1277,2018/5/14,12,16,20,22,31,43,33
1278,2018/5/17,3,4,18,28,34,36,6
1279,2018/5/21,4,10,16,17,20,24,31
1280,2018/5/24,1,9,11,21,29,36,7
1281,2018/5/28,3,7,9,15,29,40,17
1282,2018/5/31,1,4,10,11,24,28,29
1283,2018/6/4,1,26,27,30,37,38,4
1284,2018/6/7,4,14,17,21,24,39,7
1285,2018/6/11,7,8,13,36,38,42,6
1286,2018/6/14,11,32,37,39,41,42,43
1287,2018/6/18,9,21,23,34,37,38,40
1288,2018/6/21,8,9,19,24,35,43,11
1289,2018/6/25,6,9,16,24,29,37,3
1290,2018/6/28,18,24,27,32,35,41,10
1291,2018/7/2,2,6,8,12,13,17,1
1292,2018/7/5,1,18,29,30,31,37,35
1293,2018/7/9,2,5,15,27,30,35,11
1294,2018/7/12,7,14,18,26,28,39,2
1295,2018/7/16,14,23,31,37,39,43,32
1296,2018/7/19,5,11,15,16,23,32,4
1297,2018/7/23,1,2,7,29,34,42,41
1298,2018/7/26,4,6,15,22,30,42,7
1299,2018/7/30,3,12,24,28,38,39,10
1300,2018/8/2,3,18,25,26,32,33,27
1301,2018/8/6,6,7,9,16,30,41,22
1302,2018/8/9,4,7,25,30,34,43,38
1303,2018/8/13,7,10,24,33,35,42,43
1304,2018/8/16,6,25,30,38,40,42,17
1305,2018/8/20,4,6,19,36,38,40,28
1306,2018/8/23,7,11,23,36,38,41,37
1307,2018/8/27,6,25,27,28,30,43,14
1308,2018/8/30,6,9,10,15,34,39,3
1309,2018/9/3,24,32,34,36,41,43,23
1310,2018/9/6,9,24,25,27,34,36,14
1311,2018/9/10,12,23,26,29,36,37,15
1312,2018/9/13,13,24,25,26,32,39,6
1313,2018/9/17,5,12,21,31,36,43,27
1314,2018/9/20,3,10,20,21,27,33,39
1315,2018/9/24,3,8,23,30,32,40,31
1316,2018/9/27,6,16,26,35,36,39,14
1317,2018/10/1,6,10,13,19,32,43,22
1318,2018/10/4,2,3,7,14,19,41,34
1319,2018/10/8,9,10,19,21,28,30,43
1320,2018/10/11,4,6,12,16,17,34,28
1321,2018/10/15,10,24,31,40,41,43,33
1322,2018/10/18,2,3,13,28,32,37,7
1323,2018/10/22,5,6,10,24,29,40,26
1324,2018/10/25,1,7,8,17,25,42,11
1325,2018/10/29,8,18,23,26,33,38,34
1326,2018/11/1,2,3,9,12,30,41,21
1327,2018/11/5,2,3,13,22,23,30,27
1328,2018/11/8,7,9,23,32,37,40,41
1329,2018/11/12,11,15,18,22,37,42,31
1330,2018/11/15,2,19,24,32,36,43,30
1331,2018/11/19,2,14,30,31,38,39,26
1332,2018/11/22,5,15,18,22,33,40,6
1333,2018/11/26,2,9,15,22,26,35,5
1334,2018/11/29,1,2,7,14,29,43,40
1335,2018/12/3,10,16,19,34,35,39,4
1336,2018/12/6,4,5,11,19,31,34,43
1337,2018/12/10,3,6,21,28,29,34,15
1338,2018/12/13,2,6,23,25,30,31,35
1339,2018/12/17,1,10,15,33,34,42,39
1340,2018/12/20,6,15,18,20,26,29,9
1341,2018/12/24,9,12,15,16,26,39,34
1342,2018/12/27,1,4,9,16,23,31,42
1343,2019/1/7,2,8,10,12,19,23,16
1344,2019/1/10,8,16,20,28,37,43,29
1345,2019/1/14,1,15,26,27,29,33,18
1346,2019/1/17,5,10,22,27,38,42,36
1347,2019/1/21,8,10,11,18,36,43,7
1348,2019/1/24,1,2,14,19,21,33,43
1349,2019/1/28,2,16,19,32,34,42,33
1350,2019/1/31,7,8,9,10,20,38,16
1351,2019/2/4,8,14,18,22,28,29,5
1352,2019/2/7,5,6,9,15,19,36,22
1353,2019/2/11,2,11,12,19,21,24,36
1354,2019/2/14,4,25,27,28,32,41,26
1355,2019/2/18,5,15,27,29,34,37,12
1356,2019/2/21,4,6,10,16,24,43,12
1357,2019/2/25,2,3,8,15,19,28,21
1358,2019/2/28,9,15,23,27,29,40,28
1359,2019/3/4,6,8,14,18,25,41,9
1360,2019/3/7,4,9,10,16,17,42,23
1361,2019/3/11,3,4,12,18,28,38,32
1362,2019/3/14,8,16,19,28,36,39,1
1363,2019/3/18,2,5,23,36,37,41,43
1364,2019/3/21,5,13,14,16,25,27,3
1365,2019/3/25,4,7,14,20,31,41,32
1366,2019/3/28,14,15,17,29,31,39,10
1367,2019/4/1,3,8,11,14,22,41,34
1368,2019/4/4,6,11,17,20,34,35,10
1369,2019/4/8,12,15,25,32,41,43,7
1370,2019/4/11,8,22,24,30,40,41,2
1371,2019/4/15,4,5,6,7,24,28,30
1372,2019/4/18,3,5,10,21,33,39,8
1373,2019/4/22,1,10,13,18,20,41,11
1374,2019/4/25,1,4,5,19,23,35,36
1375,2019/4/29,2,5,21,22,31,38,28
1376,2019/5/2,2,5,22,31,32,43,27
1377,2019/5/6,1,7,13,24,40,43,20
1378,2019/5/9,1,10,15,24,35,43,9
1379,2019/5/13,1,2,19,21,24,37,32
1380,2019/5/16,1,3,24,26,29,33,42
1381,2019/5/20,2,4,5,16,19,38,25
1382,2019/5/23,8,9,12,25,26,28,32
1383,2019/5/27,2,4,9,15,18,39,24
1384,2019/5/30,3,6,13,32,38,43,40
1385,2019/6/3,9,20,28,35,41,43,23
1386,2019/6/6,4,11,14,15,20,38,35
1387,2019/6/10,11,27,29,30,37,38,33
1388,2019/6/13,9,10,12,15,29,37,11
1389,2019/6/17,6,16,21,23,26,42,43
1390,2019/6/20,10,11,13,28,34,39,35
1391,2019/6/24,3,12,23,31,36,42,43
1392,2019/6/27,6,9,12,19,40,42,7
1393,2019/7/1,7,11,26,32,42,43,24
1394,2019/7/4,8,9,35,36,42,43,22
1395,2019/7/8,5,16,18,27,30,43,25
1396,2019/7/11,3,7,11,15,23,41,21
1397,2019/7/15,9,18,19,21,25,26,7
1398,2019/7/18,23,29,34,35,40,43,42
1399,2019/7/22,7,20,21,33,41,43,8
1400,2019/7/25,8,10,26,31,34,39,36
1401,2019/7/29,2,13,23,24,25,33,36
1402,2019/8/1,10,24,26,33,36,42,28
1403,2019/8/5,1,3,10,27,34,41,22
1404,2019/8/8,2,17,29,37,38,39,5
1405,2019/8/12,3,4,6,19,23,24,42
1406,2019/8/15,20,24,27,29,34,35,43
1407,2019/8/19,10,13,19,28,33,39,15
1408,2019/8/22,2,17,24,26,34,43,32
1409,2019/8/26,5,6,8,20,22,25,13
1410,2019/8/29,8,14,17,25,36,41,23
1411,2019/9/2,2,5,7,20,25,28,3
1412,2019/9/5,2,19,24,25,32,42,8
1413,2019/9/9,7,13,17,21,24,26,12
1414,2019/9/12,12,19,21,26,40,41,20
1415,2019/9/16,1,3,7,34,39,40,33
1416,2019/9/19,2,9,10,15,24,36,13
1417,2019/9/23,3,10,25,26,27,31,5
1418,2019/9/26,4,21,32,35,42,43,15
1419,2019/9/30,5,10,11,12,21,37,41
1420,2019/10/3,1,2,14,16,22,28,4
1421,2019/10/7,2,14,20,23,37,43,30
1422,2019/10/10,12,14,17,20,24,30,39
1423,2019/10/14,11,24,29,36,37,42,13
1424,2019/10/17,6,7,25,26,33,36,19
1425,2019/10/21,1,24,28,33,35,42,27
1426,2019/10/24,4,13,17,19,30,43,24
1427,2019/10/28,1,7,25,26,38,41,31
1428,2019/10/31,16,18,19,34,35,36,6
1429,2019/11/4,4,8,13,18,21,23,22
1430,2019/11/7,4,7,9,12,20,28,3
1431,2019/11/11,2,27,28,33,38,40,30
1432,2019/11/14,4,5,15,32,33,43,13
1433,2019/11/18,3,5,12,16,38,42,6
1434,2019/11/21,2,20,30,38,39,40,4
1435,2019/11/25,2,4,16,21,22,40,9
1436,2019/11/28,3,7,17,18,30,36,33
1437,2019/12/2,3,11,24,25,37,40,14
1438,2019/12/5,2,5,6,20,33,38,22
1439,2019/12/9,11,17,23,28,34,41,4
1440,2019/12/12,1,7,20,31,41,42,28
1441,2019/12/16,12,22,24,33,35,42,36
1442,2019/12/19,12,21,35,36,40,43,39
1443,2019/12/23,2,4,8,10,22,33,28
1444,2019/12/26,11,20,24,25,30,37,14
1445,2019/12/30,3,14,24,29,30,42,21
1446,2020/1/9,2,5,11,20,21,32,13
1447,2020/1/13,2,9,12,13,14,22,10
1448,2020/1/16,10,12,25,29,32,41,40
1449,2020/1/20,6,19,20,26,34,38,4
1450,2020/1/23,24,25,26,27,34,36,3
1451,2020/1/27,2,6,10,20,24,43,34
1452,2020/1/30,17,19,29,31,37,39,35
1453,2020/2/3,10,22,26,27,28,41,39
1454,2020/2/6,3,15,19,34,37,40,41
1455,2020/2/10,1,10,12,22,34,43,23
1456,2020/2/13,2,18,19,24,29,31,33
1457,2020/2/17,1,3,11,17,20,37,29
1458,2020/2/20,4,16,19,22,26,29,6
1459,2020/2/24,2,17,19,24,28,29,7
1460,2020/2/27,3,6,10,15,29,30,4
1461,2020/3/2,5,7,8,18,22,26,24
1462,2020/3/5,4,18,19,28,33,36,9
1463,2020/3/9,18,29,32,34,35,39,36
1464,2020/3/12,8,13,14,18,29,31,23
1465,2020/3/16,11,15,16,24,28,38,3
1466,2020/3/19,6,10,15,18,32,40,35
1467,2020/3/23,3,14,16,25,26,38,7
1468,2020/3/26,4,8,15,24,25,31,26
1469,2020/3/30,4,9,10,13,24,27,22
1470,2020/4/2,4,8,14,16,39,40,23
1471,2020/4/6,1,3,8,32,37,43,24
1472,2020/4/9,1,6,7,9,23,40,43
1473,2020/4/13,1,5,6,27,33,38,11
1474,2020/4/16,4,6,8,22,27,32,26
1475,2020/4/20,6,7,9,20,21,27,2
1476,2020/4/23,6,22,38,40,41,42,35
1477,2020/4/27,4,13,14,25,27,32,1
1478,2020/4/30,7,12,15,21,40,42,32
1479,2020/5/4,1,20,30,32,35,37,33
1480,2020/5/7,2,4,5,6,24,34,39
1481,2020/5/11,3,9,21,31,41,42,18
1482,2020/5/14,8,26,28,32,41,43,14
1483,2020/5/18,3,10,20,23,29,43,22
1484,2020/5/21,4,12,17,18,23,41,28
1485,2020/5/25,9,10,18,27,28,35,37
1486,2020/5/28,18,24,29,33,39,42,34
1487,2020/6/1,5,7,9,17,24,35,36
1488,2020/6/4,4,10,11,17,34,37,38
1489,2020/6/8,4,6,11,13,23,32,1
1490,2020/6/11,7,19,24,29,39,43,11
1491,2020/6/15,8,11,23,31,34,37,1
1492,2020/6/18,4,16,18,32,38,42,36
1493,2020/6/22,11,18,24,27,37,38,15
1494,2020/6/25,8,15,17,24,26,38,27
1495,2020/6/29,18,24,32,34,37,41,22
1496,2020/7/2,5,9,13,16,17,34,37
1497,2020/7/6,6,22,28,30,35,37,8
1498,2020/7/9,1,6,7,9,31,37,43
1499,2020/7/13,10,11,27,28,29,37,13
1500,2020/7/16,19,21,22,28,29,30,4
1501,2020/7/20,6,10,13,25,31,38,15
1502,2020/7/23,1,17,25,28,32,42,26
1503,2020/7/27,1,8,16,35,40,42,20
1504,2020/7/30,5,7,9,21,42,43,35
1505,2020/8/3,1,2,14,15,21,34,19
1506,2020/8/6,10,12,19,28,35,41,39
1507,2020/8/10,19,20,22,30,35,43,29
1508,2020/8/13,9,13,28,29,32,40,41
1509,2020/8/17,6,11,12,34,36,41,43
1510,2020/8/20,8,13,17,18,21,38,23
1511,2020/8/24,11,16,22,24,38,40,6
1512,2020/8/27,1,11,12,24,32,38,39
1513,2020/8/31,13,14,18,19,25,42,5
1514,2020/9/3,11,16,22,29,37,43,14
1515,2020/9/7,5,9,17,21,27,29,30
1516,2020/9/10,25,32,34,37,41,42,28
1517,2020/9/14,14,25,27,30,39,41,8
1518,2020/9/17,6,15,16,22,36,41,20
1519,2020/9/21,5,8,20,21,27,43,9
1520,2020/9/24,1,6,11,13,30,33,4
1521,2020/9/28,17,21,22,40,41,42,13
1522,2020/10/1,5,17,21,22,32,35,41
1523,2020/10/5,2,15,17,25,34,38,27
1524,2020/10/8,2,3,15,24,30,43,39
1525,2020/10/12,3,7,20,21,28,32,24
1526,2020/10/15,4,17,19,21,39,41,36
1527,2020/10/19,2,5,9,11,27,32,33
1528,2020/10/22,1,14,17,34,35,37,16
1529,2020/10/26,3,19,26,28,33,40,1
1530,2020/10/29,2,5,10,34,37,40,7
1531,2020/11/2,2,6,7,10,30,33,14
1532,2020/11/5,2,9,14,16,17,21,34
1533,2020/11/9,15,22,27,37,38,41,5
1534,2020/11/12,1,9,18,22,24,43,39
1535,2020/11/16,1,9,14,30,35,38,32
1536,2020/11/19,2,5,9,30,37,40,28
1537,2020/11/23,6,13,14,32,33,37,20
1538,2020/11/26,8,14,19,33,35,40,38
1539,2020/11/30,13,29,33,37,41,42,43
1540,2020/12/3,1,20,25,28,33,37,31
1541,2020/12/7,12,26,28,32,33,35,41
1542,2020/12/10,11,12,16,17,20,36,18
1543,2020/12/14,17,21,26,33,36,38,34
1544,2020/12/17,3,11,25,26,39,42,34
1545,2020/12/21,8,14,15,26,37,43,12
1546,2020/12/24,1,18,19,24,31,40,16
1547,2020/12/28,4,11,14,17,22,39,21
1548,2021/1/4,18,24,26,35,39,42,32
1549,2021/1/7,4,5,27,28,35,41,33
1550,2021/1/11,8,11,22,32,37,42,41
1551,2021/1/14,3,14,18,24,38,43,23
1552,2021/1/18,5,9,15,30,32,39,11
1553,2021/1/21,7,8,16,32,41,42,31
1554,2021/1/25,6,14,16,27,40,42,26
1555,2021/1/28,2,8,17,23,24,27,5
1556,2021/2/1,10,19,28,30,38,42,18
1557,2021/2/4,5,21,22,23,26,39,31
1558,2021/2/8,1,12,25,27,39,42,16
1559,2021/2/11,4,15,17,20,26,31,43
1560,2021/2/15,7,19,24,32,40,42,22
1561,2021/2/18,12,15,26,34,35,38,7
1562,2021/2/22,2,4,15,16,26,33,25
1563,2021/2/25,1,12,20,26,35,37,2
1564,2021/3/1,5,6,18,20,27,37,7
1565,2021/3/4,5,9,17,28,30,37,27
1566,2021/3/8,12,13,20,24,30,35,34
1567,2021/3/11,5,7,19,26,37,40,34
1568,2021/3/15,2,5,7,10,16,34,14
1569,2021/3/18,2,8,29,31,32,33,16
1570,2021/3/22,1,19,22,23,31,36,24
1571,2021/3/25,1,2,5,25,40,41,26
1572,2021/3/29,4,6,10,19,28,38,40
1573,2021/4/1,2,10,16,38,39,43,11
1574,2021/4/5,1,2,3,20,31,32,13
1575,2021/4/8,2,8,15,24,32,39,9
1576,2021/4/12,5,7,10,17,29,32,37
1577,2021/4/15,13,14,15,28,37,39,4
1578,2021/4/19,3,15,17,19,21,34,4
1579,2021/4/22,23,29,32,33,37,42,1
1580,2021/4/26,5,7,11,12,24,31,3
1581,2021/4/29,6,12,30,31,41,43,1
1582,2021/5/3,18,32,35,36,39,41,28
1583,2021/5/6,5,7,16,34,39,41,29
1584,2021/5/10,13,15,18,30,37,43,9
1585,2021/5/13,2,6,10,13,16,32,9
1586,2021/5/17,2,13,19,27,40,42,14
1587,2021/5/20,16,21,22,27,36,43,37
1588,2021/5/24,6,16,27,31,32,34,11
1589,2021/5/27,11,21,25,31,36,39,32
1590,2021/5/31,10,12,15,29,33,42,17
1591,2021/6/3,7,9,18,21,26,43,14
1592,2021/6/7,4,16,25,30,36,43,19
1593,2021/6/10,6,17,18,35,37,38,16
1594,2021/6/14,1,5,6,13,34,36,18
1595,2021/6/17,16,21,30,32,40,43,15
1596,2021/6/21,10,15,30,35,42,43,26
1597,2021/6/24,2,3,8,17,23,32,12
1598,2021/6/28,9,11,26,28,39,43,1
1599,2021/7/1,1,2,20,22,35,38,4
1600,2021/7/5,7,14,22,35,37,39,24
1601,2021/7/8,6,13,17,18,21,41,37
1602,2021/7/12,1,2,7,14,32,42,33
1603,2021/7/15,4,6,32,35,40,42,26
1604,2021/7/19,12,21,23,36,37,38,6
1605,2021/7/22,2,5,8,20,29,40,6
1606,2021/7/26,18,23,25,26,32,34,43
1607,2021/7/29,10,13,14,15,17,22,40
1608,2021/8/2,10,18,22,23,25,35,19
1609,2021/8/5,4,12,16,34,35,41,5
1610,2021/8/9,1,8,13,22,41,42,40
1611,2021/8/12,3,14,16,24,32,36,34
1612,2021/8/16,5,8,12,16,27,38,42
1613,2021/8/19,9,17,22,25,30,41,15
1614,2021/8/23,4,5,20,29,40,43,24
1615,2021/8/26,2,5,6,13,19,29,25
1616,2021/8/30,1,4,6,21,34,41,12
1617,2021/9/2,2,19,21,24,26,41,23
1618,2021/9/6,2,10,14,17,37,43,38
1619,2021/9/9,3,5,17,20,24,38,13
1620,2021/9/13,7,15,19,24,25,28,11
1621,2021/9/16,3,10,22,23,26,39,1
1622,2021/9/20,16,29,34,35,40,41,26
1623,2021/9/23,7,12,15,17,19,29,22
1624,2021/9/27,3,5,17,25,33,39,19
1625,2021/9/30,1,4,8,11,30,42,9
1626,2021/10/4,9,11,19,23,30,43,27
1627,2021/10/7,21,22,23,26,36,38,13
1628,2021/10/11,1,3,10,12,26,42,13
1629,2021/10/14,19,23,30,31,32,40,13
1630,2021/10/18,10,11,24,33,34,36,42
1631,2021/10/21,7,15,23,26,30,35,36
1632,2021/10/25,1,9,24,28,31,41,2
1633,2021/10/28,3,7,9,26,35,36,28
1634,2021/11/1,18,19,20,23,29,35,17
1635,2021/11/4,4,8,19,32,36,43,30
1636,2021/11/8,1,12,24,26,30,36,29
1637,2021/11/11,2,3,11,16,27,36,29
1638,2021/11/15,21,25,26,35,39,40,18
1639,2021/11/18,5,9,13,20,26,32,28
1640,2021/11/22,8,9,19,21,27,30,17
1641,2021/11/25,2,5,7,12,16,20,33
1642,2021/11/29,5,15,16,24,34,39,13
1643,2021/12/2,10,11,12,15,16,40,33
1644,2021/12/6,1,9,14,28,32,40,15
1645,2021/12/9,2,8,13,14,33,40,6
1646,2021/12/13,3,19,21,29,39,43,25
1647,2021/12/16,3,8,14,15,19,35,12
1648,2021/12/20,2,3,22,26,35,42,38
1649,2021/12/23,8,16,19,23,29,41,1
1650,2021/12/27,1,3,15,33,39,43,30
1651,2021/12/30,7,12,15,21,27,32,28
1652,2022/1/6,8,15,16,23,38,43,2
1653,2022/1/10,2,7,10,12,29,36,6
1654,2022/1/13,9,10,14,21,22,33,26
1655,2022/1/17,21,23,31,38,42,43,40
1656,2022/1/20,11,12,14,28,36,38,37
1657,2022/1/24,11,13,16,19,20,38,25
1658,2022/1/27,10,11,19,29,30,36,37
1659,2022/1/31,4,10,23,25,37,42,6
1660,2022/2/3,3,13,29,35,42,43,15
1661,2022/2/7,6,14,31,35,38,43,12
1662,2022/2/10,4,17,18,25,26,27,32
1663,2022/2/14,1,6,19,21,27,39,3
1664,2022/2/17,7,10,17,20,21,27,15
1665,2022/2/21,19,22,24,29,34,41,9
1666,2022/2/24,14,16,26,37,41,43,31
1667,2022/2/28,5,8,18,25,40,43,17
1668,2022/3/3,5,16,21,24,31,34,29
1669,2022/3/7,2,4,13,14,22,29,26
1670,2022/3/10,1,16,20,23,32,37,18
1671,2022/3/14,16,27,37,38,39,43,10
1672,2022/3/17,6,17,22,27,37,42,34
1673,2022/3/21,24,33,35,36,41,43,21
1674,2022/3/24,14,19,25,29,33,43,31
1675,2022/3/28,2,3,17,27,28,34,6
1676,2022/3/31,5,13,21,27,31,36,11
1677,2022/4/4,11,20,26,31,34,38,32
1678,2022/4/7,3,15,17,21,22,23,13
1679,2022/4/11,10,12,13,21,31,41,27
1680,2022/4/14,4,19,29,32,35,42,25
1681,2022/4/18,1,7,11,13,15,42,33
1682,2022/4/21,6,9,10,21,33,41,14
1683,2022/4/25,6,15,28,30,32,43,21
1684,2022/4/28,5,10,26,30,34,40,31
1685,2022/5/2,1,26,27,28,33,37,8
1686,2022/5/5,7,8,9,23,25,41,11
1687,2022/5/9,20,21,23,26,29,35,22
1688,2022/5/12,2,4,10,24,34,42,8
1689,2022/5/16,4,7,21,22,34,42,31
1690,2022/5/19,8,16,21,23,29,37,38
1691,2022/5/23,13,16,18,29,33,41,26
1692,2022/5/26,4,8,17,31,37,42,14
1693,2022/5/30,7,8,21,23,34,36,11
1694,2022/6/2,2,12,14,26,32,37,29
1695,2022/6/6,3,8,14,18,28,37,39
1696,2022/6/9,2,4,13,18,32,35,12
1697,2022/6/13,2,3,11,12,22,35,26
1698,2022/6/16,6,16,18,33,42,43,11
1699,2022/6/20,4,6,16,27,39,42,1
1700,2022/6/23,11,19,20,27,31,35,6
1701,2022/6/27,5,8,27,30,33,39,10
1702,2022/6/30,2,6,7,18,27,38,14
1703,2022/7/4,14,22,23,30,33,38,18
1704,2022/7/7,1,5,18,26,39,40,31
1705,2022/7/11,3,6,9,28,37,41,5
1706,2022/7/14,13,15,32,35,37,38,25
1707,2022/7/18,14,16,28,34,35,36,26
1708,2022/7/21,1,20,29,35,40,41,16
1709,2022/7/25,3,4,7,20,22,41,5
1710,2022/7/28,1,2,21,27,32,37,14
1711,2022/8/1,3,32,33,34,35,40,5
1712,2022/8/4,1,5,15,24,25,28,14
1713,2022/8/8,6,32,38,39,40,42,37
1714,2022/8/11,11,15,20,26,33,42,16
1715,2022/8/15,2,6,15,16,32,37,25
1716,2022/8/18,2,26,27,32,38,42,9
1717,2022/8/22,15,21,23,24,33,36,40
1718,2022/8/25,1,6,9,15,18,38,10
1719,2022/8/29,4,11,15,16,35,39,36
1720,2022/9/1,1,5,18,25,32,38,20
1721,2022/9/5,7,8,14,17,22,39,30
1722,2022/9/8,2,5,30,33,36,42,28
1723,2022/9/12,6,10,15,16,30,38,26
1724,2022/9/15,6,9,24,26,33,37,16
1725,2022/9/19,2,10,16,17,20,28,1
1726,2022/9/22,9,14,16,21,27,43,26
1727,2022/9/26,3,13,16,22,33,42,15
1728,2022/9/29,4,8,14,18,26,38,3
1729,2022/10/3,11,15,24,25,28,31,9
1730,2022/10/6,4,8,16,21,22,26,23
1731,2022/10/10,3,7,19,21,32,35,6
1732,2022/10/13,3,18,19,34,38,42,14
1733,2022/10/17,22,24,25,27,29,39,7
1734,2022/10/20,5,6,11,19,28,35,42
1735,2022/10/24,1,21,24,33,40,41,12
1736,2022/10/27,6,9,25,26,27,32,11
1737,2022/10/31,12,14,22,24,29,33,3
1738,2022/11/3,7,12,20,31,33,43,14
1739,2022/11/7,1,7,12,36,37,39,41
1740,2022/11/10,14,21,24,27,31,38,5
1741,2022/11/14,4,14,17,19,22,42,6
1742,2022/11/17,16,20,22,29,33,40,25
1743,2022/11/21,3,17,18,19,20,42,9
1744,2022/11/24,1,8,21,25,26,35,20
1745,2022/11/28,7,9,10,21,39,40,32
1746,2022/12/1,3,11,14,22,27,32,31
1747,2022/12/5,1,9,11,14,15,40,32
1748,2022/12/8,8,11,23,28,36,39,6
1749,2022/12/12,1,4,13,17,31,34,18
1750,2022/12/15,3,15,18,21,34,40,1
1751,2022/12/19,1,12,21,24,29,42,32
1752,2022/12/22,2,5,15,20,22,36,8
1753,2022/12/26,1,2,4,9,22,25,38
1754,2022/12/29,3,6,7,19,35,39,21
1755,2023/1/5,4,11,13,26,27,36,15
1756,2023/1/9,19,25,29,36,37,41,2
1757,2023/1/12,6,12,15,35,36,39,42
1758,2023/1/16,7,14,28,32,42,43,17
1759,2023/1/19,1,10,25,27,28,33,15
1760,2023/1/23,8,14,18,38,39,42,30
1761,2023/1/26,5,7,13,21,23,30,42
1762,2023/1/30,1,6,7,20,37,40,10
1763,2023/2/2,2,6,20,30,31,41,11
1764,2023/2/6,16,21,26,31,39,42,41
1765,2023/2/9,1,10,15,19,20,32,6
1766,2023/2/13,16,19,25,26,35,43,38
1767,2023/2/16,7,15,17,21,32,35,43
1768,2023/2/20,6,21,30,32,39,40,34
1769,2023/2/23,4,11,15,19,28,32,34
1770,2023/2/27,1,11,18,24,37,43,28
1771,2023/3/2,3,6,12,16,31,42,40
1772,2023/3/6,5,21,22,30,32,36,16
1773,2023/3/9,12,21,22,27,31,32,20
1774,2023/3/13,17,18,26,30,36,40,3
1775,2023/3/16,4,5,9,26,27,29,43
1776,2023/3/20,5,11,18,25,33,38,32
1777,2023/3/23,5,16,19,21,30,35,11
1778,2023/3/27,9,19,24,25,26,39,34
1779,2023/3/30,11,13,20,33,35,40,34
1780,2023/4/3,1,5,19,26,35,37,32
1781,2023/4/6,10,18,32,39,41,42,12
1782,2023/4/10,7,31,32,36,39,42,34
1783,2023/4/13,5,14,19,23,30,42,35
1784,2023/4/17,3,19,30,32,36,40,42
1785,2023/4/20,4,11,24,35,37,42,7
1786,2023/4/24,2,5,6,26,33,35,13
1787,2023/4/27,2,13,17,19,41,43,1
1788,2023/5/1,3,14,16,19,26,39,9
1789,2023/5/4,6,9,16,26,29,34,36
1790,2023/5/8,6,14,18,22,29,30,36
1791,2023/5/11,8,9,18,19,30,36,17
1792,2023/5/15,1,4,16,31,32,41,30
1793,2023/5/18,1,6,14,15,23,24,42
1794,2023/5/22,24,29,32,35,36,40,39
1795,2023/5/25,26,30,31,35,41,43,5
1796,2023/5/29,2,5,15,16,23,26,32
1797,2023/6/1,15,23,26,34,41,43,32
1798,2023/6/5,4,5,19,32,34,37,41
1799,2023/6/8,11,18,34,40,41,42,14
1800,2023/6/12,6,12,13,15,17,41,27
1801,2023/6/15,18,25,26,37,39,43,21
1802,2023/6/19,1,9,34,35,39,42,33
1803,2023/6/22,9,16,18,19,39,41,3
1804,2023/6/26,12,14,18,25,36,42,26
1805,2023/6/29,4,22,27,31,32,40,35
1806,2023/7/3,11,30,35,38,40,43,12
1807,2023/7/6,1,2,8,9,10,20,25
1808,2023/7/10,2,10,27,38,40,41,11
1809,2023/7/13,2,5,10,22,24,42,7
1810,2023/7/17,4,17,26,30,31,43,25
1811,2023/7/20,2,4,6,13,20,38,33
1812,2023/7/24,10,13,18,28,36,39,7
1813,2023/7/27,5,22,26,34,39,42,12
1814,2023/7/31,1,2,13,21,23,31,5
1815,2023/8/3,3,8,10,25,26,29,32
1816,2023/8/7,2,21,25,34,35,40,6
1817,2023/8/10,6,24,30,33,37,38,7
1818,2023/8/14,2,11,23,25,34,36,1
1819,2023/8/17,5,8,18,20,24,34,29
1820,2023/8/21,5,10,30,35,36,41,23
1821,2023/8/24,9,11,12,14,27,38,34
1822,2023/8/28,5,18,21,22,26,42,8
1823,2023/8/31,4,10,18,25,34,38,40
1824,2023/9/4,6,7,13,18,25,43,33
1825,2023/9/7,1,10,13,17,20,41,4
1826,2023/9/11,7,14,18,19,22,25,38
1827,2023/9/14,1,13,18,23,38,41,36
1828,2023/9/18,1,6,9,16,18,22,8
1829,2023/9/21,12,15,16,17,28,42,32
1830,2023/9/25,4,10,23,29,31,36,6
1831,2023/9/28,1,14,17,27,32,43,42
1832,2023/10/2,2,7,20,25,35,40,6
1833,2023/10/5,7,13,34,37,42,43,38
1834,2023/10/9,14,21,30,38,40,42,20
1835,2023/10/12,11,20,23,24,31,33,1
1836,2023/10/16,13,17,18,22,23,41,26
1837,2023/10/19,16,17,27,34,38,42,20
1838,2023/10/23,3,13,23,28,30,43,5
1839,2023/10/26,2,5,26,32,34,40,21
1840,2023/10/30,4,9,15,21,26,33,13
1841,2023/11/2,8,11,15,31,33,38,30
1842,2023/11/6,4,6,9,24,26,29,35
1843,2023/11/9,4,5,10,19,26,37,3
1844,2023/11/13,12,15,28,31,34,43,9
1845,2023/11/16,10,22,25,30,31,39,28
1846,2023/11/20,6,8,15,16,33,37,34
1847,2023/11/23,18,22,25,35,36,39,43
1848,2023/11/27,3,23,26,27,31,35,10
1849,2023/11/30,11,15,17,33,36,41,6
1850,2023/12/4,1,8,23,30,36,41,39
1851,2023/12/7,8,9,10,16,17,39,4
1852,2023/12/11,15,16,24,26,35,43,38
1853,2023/12/14,11,13,24,26,28,34,17
1854,2023/12/18,7,8,12,25,30,32,40
1855,2023/12/21,21,24,26,30,31,38,3
1856,2023/12/25,4,10,19,31,34,35,43
1857,2023/12/28,11,16,20,23,38,41,33
1858,2024/1/4,12,13,17,22,35,40,5
1859,2024/1/8,1,4,11,28,37,39,15
1860,2024/1/11,8,15,20,21,31,34,28
1861,2024/1/15,2,12,13,27,39,40,30
1862,2024/1/18,25,27,33,37,38,43,16
1863,2024/1/22,15,20,24,37,38,39,27
1864,2024/1/25,14,22,28,34,41,42,11
1865,2024/1/29,3,5,18,21,26,36,34
1866,2024/2/1,8,19,21,29,38,40,12
1867,2024/2/5,1,6,17,28,40,42,4
1868,2024/2/8,3,7,22,23,24,32,2
1869,2024/2/12,7,8,16,28,36,37,29
1870,2024/2/15,5,9,13,23,25,40,27
1871,2024/2/19,7,13,22,24,38,42,14
1872,2024/2/22,3,18,20,25,34,40,31
1873,2024/2/26,6,15,26,33,39,41,42
1874,2024/2/29,13,31,33,36,41,43,29
1875,2024/3/4,11,15,16,24,38,39,29
1876,2024/3/7,4,7,17,31,38,43,30
1877,2024/3/11,1,11,13,16,21,37,6
1878,2024/3/14,6,8,12,18,32,38,39
1879,2024/3/18,1,8,14,27,29,37,6
1880,2024/3/21,9,14,21,31,33,43,30
1881,2024/3/25,2,9,22,31,33,35,30
1882,2024/3/28,3,6,11,25,36,43,10
1883,2024/4/1,3,11,24,25,28,32,5
1884,2024/4/4,20,25,29,36,38,42,19
1885,2024/4/8,2,6,7,16,17,41,32
1886,2024/04/11,1,6,19,25,33,39,15
1887,2024/4/15,5,7,15,18,36,37,20
1888,2024/4/18,4,5,6,28,29,39,7
1889,2024/4/22,7,15,21,27,28,32,24
1890,2024/4/25,17,21,29,34,41,42,2
1891,2024/4/29,2,16,23,38,40,43,33
1892,2024/5/2,7,8,9,19,22,38,24
1893,2024/5/6,25,31,33,35,37,42,16
1894,2024/5/9,19,29,36,37,41,42,35
1895,2024/5/13,6,18,29,33,35,40,1
1896,2024/5/16,5,12,15,16,28,40,1
1897,2024/5/20,7,23,27,30,34,36,28
1898,2024/5/23,5,19,23,26,31,42,32
1899,2024/5/27,2,4,9,19,33,36,3
1900,2024/5/30,3,9,29,30,39,42,23
1901,2024/6/3,14,15,26,28,33,37,4
1902,2024/6/6,4,7,15,18,35,40,12
1903,2024/6/10,18,19,23,25,27,32,20
1904,2024/6/13,14,21,23,24,28,36,7
1905,2024/6/17,4,5,17,20,29,30,40
1906,2024/6/20,1,8,21,22,30,42,24
1907,2024/6/24,10,14,21,23,24,40,28
1908,2024/6/27,3,9,21,25,42,43,36
1909,2024/7/1,3,5,7,8,22,27,28
1910,2024/7/4,2,8,24,29,30,31,6
1911,2024/7/8,4,8,9,14,16,41,15
1912,2024/7/11,1,11,24,29,33,34,4
1913,2024/7/15,2,5,22,23,29,33,17
1914,2024/7/18,4,10,22,24,36,38,8
1915,2024/7/22,4,10,14,19,24,40,15
1916,2024/7/25,5,13,18,23,30,39,33
1917,2024/7/29,3,12,14,29,30,33,21
1918,2024/8/1,3,4,5,6,18,20,11
1919,2024/8/5,5,17,19,21,38,41,6
1920,2024/8/8,6,10,22,23,31,36,37
1921,2024/8/12,1,2,13,25,33,41,31
1922,2024/8/15,3,11,22,31,33,35,13
1923,2024/8/19,6,7,18,30,34,37,3
1924,2024/8/22,7,16,18,25,26,27,17
1925,2024/8/26,5,9,11,18,34,37,22
1926,2024/8/29,10,13,18,24,34,37,1
1927,2024/9/2,2,11,18,26,32,36,10
1928,2024/9/5,2,18,20,24,26,29,22
1929,2024/9/9,7,10,12,20,40,43,4
1930,2024/9/12,5,10,19,23,29,37,11
1931,2024/9/16,9,23,27,30,33,41,4
1932,2024/9/19,1,5,16,20,24,31,29
1933,2024/9/23,3,7,9,10,12,30,16
1934,2024/9/26,6,13,16,20,27,41,30
1935,2024/9/30,3,8,12,14,17,40,2
1936,2024/10/3,1,6,19,29,33,35,26
1937,2024/10/7,1,9,26,28,31,38,8
1938,2024/10/10,5,9,14,32,39,41,24
1939,2024/10/14,10,22,26,27,29,37,41
1940,2024/10/17,2,14,15,25,26,42,9
1941,2024/10/21,2,12,13,21,23,43,39
1942,2024/10/24,1,16,18,26,27,35,29
1943,2024/10/28,10,11,17,25,34,38,9
1944,2024/10/31,6,11,21,33,39,42,18
1945,2024/11/4,1,2,4,14,27,43,41
1946,2024/11/7,8,9,11,27,36,38,18
1947,2024/11/11,10,24,30,36,37,41,5
1948,2024/11/14,18,29,30,38,39,43,40
1949,2024/11/18,12,13,17,28,37,43,27
1950,2024/11/21,9,20,26,28,30,42,6
1951,2024/11/25,1,3,6,23,28,35,14
1952,2024/11/28,24,25,31,32,34,40,12
1953,2024/12/2,19,23,29,33,36,40,27
1954,2024/12/5,2,10,15,25,35,37,22
1955,2024/12/9,11,19,26,28,29,36,1
1956,2024/12/12,2,19,21,24,35,42,17
1957,2024/12/16,3,4,5,13,34,42,18
1958,2024/12/19,1,15,16,20,21,25,19
1959,2024/12/23,19,20,36,40,41,43,22
1960,2024/12/26,10,22,27,28,31,32,8
1961,2024/12/30,11,12,27,28,38,43,10
1962,2025/1/6,4,8,19,22,32,37,26
1963,2025/1/9,3,4,20,29,35,38,6
1964,2025/1/13,2,5,28,33,35,36,34
1965,2025/1/16,17,18,20,23,33,43,19
1966,2025/1/20,4,12,25,29,34,36,32
1967,2025/1/23,3,4,22,26,29,35,37
1968,2025/1/27,6,13,15,22,35,41,37
1969,2025/1/30,3,7,12,13,35,38,24
1970,2025/2/3,11,26,27,31,36,37,42
1971,2025/2/6,2,6,9,26,32,36,23
1972,2025/2/10,3,14,27,28,32,36,12
1973,2025/2/13,7,10,14,27,28,32,4
1974,2025/2/17,2,6,13,21,24,30,43
1975,2025/2/20,11,13,15,20,35,42,19
1976,2025/2/24,4,6,22,30,33,36,2
1977,2025/2/27,4,14,20,28,29,34,30
1978,2025/3/3,23,25,26,30,34,35,12
1979,2025/3/6,15,18,19,21,37,40,17
1980,2025/3/10,1,2,13,19,35,41,3
1981,2025/3/13,5,10,15,17,29,41,30
1982,2025/3/17,20,21,23,28,32,34,6
1983,2025/3/20,3,18,31,36,37,40,23
1984,2025/3/24,4,19,28,29,34,40,3
1985,2025/3/27,1,30,36,37,41,43,33
1986,2025/3/31,14,20,29,31,41,42,24
1987,2025/4/3,8,12,25,28,32,42,27
1988,2025/4/7,6,20,23,24,33,35,27
1989,2025/4/10,15,17,23,29,35,43,8
1990,2025/4/14,6,9,15,19,24,40,30
1991,2025/4/17,1,5,12,16,17,40,4
1992,2025/4/21,9,11,18,21,27,34,13
1993,2025/4/24,7,12,13,35,37,42,31
1994,2025/4/28,10,11,13,16,24,26,12
1995,2025/5/1,2,4,8,26,27,37,19
1996,2025/5/5,6,17,26,28,33,34,20
1997,2025/5/8,5,16,17,28,36,40,14
1998,2025/5/12,1,4,6,9,20,43,21
1999,2025/5/15,17,31,34,35,36,38,2
2000,2025/5/19,1,2,16,21,25,35,22
2001,2025/5/22,13,21,24,26,34,36,20
2002,2025/5/26,1,17,19,23,36,42,15
2003,2025/5/29,1,5,10,13,35,40,39
2004,2025/6/2,16,18,25,27,31,36,7
2005,2025/6/5,3,7,18,27,33,34,6
2006,2025/6/9,4,7,19,22,26,28,33
2007,2025/6/12,6,18,23,24,30,35,38
2008,2025/6/16,5,8,9,17,22,36,30
2009,2025/6/19,8,17,20,35,36,40,12
2010,2025/6/23,9,15,24,29,31,40,13
2011,2025/6/26,12,14,18,24,30,42,4
2012,2025/6/30,1,14,20,36,38,41,30
2013,2025/7/3,7,12,30,31,39,43,42
2014,2025/7/7,7,11,21,24,29,34,40
2015,2025/7/10,6,8,13,16,20,23,26
2016,2025/7/14,10,13,27,31,40,42,1
2017,2025/7/17,2,4,11,22,24,35,8
2018,2025/7/21,1,2,14,21,22,33,37
2019,2025/7/24,7,13,14,21,39,42,9
2020,2025/7/28,5,21,23,28,38,39,32
2021,2025/7/31,2,17,22,29,30,43,31
2022,2025/8/4,2,3,18,26,31,33,30
2023,2025/8/7,1,20,28,29,31,43,5
2024,2025/8/11,10,13,16,29,34,42,21
2025,2025/8/14,12,18,26,28,41,43,35
2026,2025/8/18,2,5,8,11,20,26,28
2027,2025/8/21,5,12,18,23,34,39,13
2028,2025/8/25,6,10,12,19,21,42,16
2029,2025/8/28,7,21,31,36,40,43,41
2030,2025/9/1,3,7,28,29,32,36,13
2031,2025/9/4,2,3,16,20,23,29,27
2032,2025/9/8,8,15,27,33,37,39,31
2033,2025/9/11,5,16,21,22,33,35,26
2034,2025/9/15,2,13,22,25,35,37,17
2035,2025/9/18,5,10,12,17,21,35,9
2036,2025/9/22,7,10,17,26,35,42,33
2037,2025/9/25,7,12,20,23,27,29,10
2038,2025/9/29,5,31,37,39,41,42,33
2039,2025/10/2,2,15,25,27,38,42,22
2040,2025/10/6,7,12,14,15,24,30,32
2041,2025/10/9,4,19,22,24,32,38,11
2042,2025/10/13,9,14,29,38,41,43,12
2043,2025/10/16,11,19,22,34,40,42,31
2044,2025/10/20,1,6,11,26,33,40,14
2045,2025/10/23,1,4,7,12,16,28,19
2046,2025/10/27,2,5,10,22,25,38,14
2047,2025/10/30,10,11,16,19,37,39,27
2048,2025/11/3,8,13,18,32,37,43,27
2049,2025/11/6,10,24,25,39,40,42,19
2050,2025/11/10,6,11,15,21,25,32,5
2051,2025/11/13,3,15,27,28,31,39,20
2052,2025/11/17,1,3,18,25,30,34,10
2053,2025/11/20,20,28,31,35,37,41,13
2054,2025/11/24,1,14,27,30,33,37,23
2055,2025/11/27,11,12,14,17,21,26,2
2056,2025/12/1,3,7,15,17,19,30,38
2057,2025/12/4,5,7,21,22,38,41,24
2058,2025/12/8,9,12,14,16,19,42,18
2059,2025/12/11,2,13,26,28,38,43,3
2060,2025/12/15,8,16,22,40,41,42,10
2061,2025/12/18,5,6,13,21,33,34,40
2062,2025/12/22,1,9,18,24,35,42,8
2063,2025/12/25,4,28,29,30,38,42,15
2064,2025/12/29,2,7,24,37,39,41,3
2065,2026/1/5,6,18,21,31,37,40,3
2066,2026/1/8,8,28,30,32,37,38,5
2067,2026/1/12,3,4,12,15,32,42,31
2068,2026/1/15,2,10,13,14,29,33,32
2069,2026/1/19,6,17,23,27,33,35,4
2070,2026/1/22,6,10,25,30,34,36,12
2071,2026/1/26,15,24,29,32,33,35,14
2072,2026/1/29,8,18,24,36,40,42,43
2073,2026/2/2,2,12,14,24,26,29,8
2074,2026/2/5,5,6,16,26,27,36,11
2075,2026/2/9,7,10,14,16,35,37,11
2076,2026/2/12,1,9,20,22,28,41,30
2077,2026/2/16,17,18,23,24,26,43,10
2078,2026/2/19,1,10,20,24,30,35,41
2079,2026/2/23,5,11,15,17,24,39,31
2080,2026/2/26,6,12,30,36,37,38,8
2081,2026/3/2,14,31,32,37,41,42,22
2082,2026/3/5,5,11,14,19,25,40,17
2083,2026/3/9,8,10,13,17,26,29,43
2084,2026/3/12,8,17,18,19,30,39,9
2085,2026/3/16,6,8,13,26,35,43,14
2086,2026/3/19,4,11,19,28,39,40,6
2087,2026/3/23,7,10,15,18,26,39,13
2088,2026/3/26,8,16,18,27,37,39,29
2089,2026/3/30,9,16,18,32,37,43,13
2090,2026/4/2,2,3,6,9,24,36,5
